Time,OriginVertihub,OriginVertiport,DestinationVertihub,DestinationVertiport
0,29,7,49,72
0,1,196,35,149
0,50,99,18,165
0,42,189,12,12
0,9,188,9,188
0,16,159,33,86
0,33,164,44,114
0,45,168,8,194
0,9,32,39,0
0,25,65,50,99
0,16,5,43,23
0,1,196,5,88
0,50,126,61,134
0,33,164,33,164
0,9,32,18,165
0,35,193,35,149
0,1,196,46,34
0,1,48,1,196
0,33,117,44,141
0,24,127,2,98
0,35,149,35,149
0,48,183,25,9
0,44,18,16,159
0,44,114,9,32
0,1,80,1,111
0,15,140,43,61
0,31,21,1,196
0,9,198,35,193
0,37,163,43,61
0,11,54,11,54
0,20,76,0,155
0,1,196,35,71
0,43,64,12,12
0,5,178,46,34
0,18,101,39,137
0,39,106,39,137
0,38,160,11,192
0,5,50,31,21
0,21,102,24,127
0,12,120,12,173
0,5,2,28,26
0,61,150,18,68
0,9,198,9,188
0,1,48,46,34
0,15,140,28,167
0,5,107,15,140
0,47,175,6,129
0,39,45,1,181
0,48,36,44,141
0,1,48,1,111
0,2,98,56,130
0,9,122,9,188
0,24,148,9,122
0,14,118,48,132
0,52,30,17,184
0,61,134,18,24
0,35,149,18,151
0,1,196,1,115
0,1,48,1,111
0,25,133,25,97
0,11,4,11,192
0,9,32,18,68
0,40,28,5,121
0,25,9,25,65
0,60,112,11,82
0,2,98,48,132
0,35,123,9,198
0,22,3,50,191
0,50,157,50,157
0,9,32,9,188
0,1,181,1,48
0,11,192,45,168
0,39,0,33,86
0,16,66,56,17
0,1,181,1,181
0,43,23,5,88
0,46,96,35,193
0,35,71,35,147
0,35,149,18,151
0,61,195,61,150
0,9,32,39,137
0,56,17,56,31
0,9,10,50,99
0,35,193,18,91
0,46,179,1,181
0,54,131,54,131
0,2,161,2,98
0,11,192,11,192
0,61,13,39,0
0,37,163,43,61
0,12,173,12,12
0,46,96,5,107
0,54,177,25,97
0,33,164,44,128
0,9,122,50,157
0,46,96,5,2
0,26,171,43,23
0,9,188,48,132
0,35,147,35,71
0,34,52,34,52
0,50,157,9,122
0,61,134,54,131
0,1,196,61,150
0,48,83,9,32
0,22,58,22,3
0,5,88,40,38
0,5,107,46,110
0,35,27,35,71
0,48,83,2,98
0,1,48,1,196
0,16,159,39,75
0,16,5,16,66
0,15,138,15,53
0,56,130,44,128
0,12,120,12,120
0,20,14,6,129
0,61,134,35,71
0,9,198,39,137
0,22,58,35,193
0,2,98,56,130
0,61,13,35,27
0,20,76,20,158
0,33,117,33,164
0,35,149,1,196
0,48,83,14,118
0,39,137,9,188
0,16,66,43,23
0,35,147,18,91
0,37,163,37,62
0,37,62,37,163
0,56,144,56,31
0,15,185,15,185
0,35,71,1,115
0,34,87,34,52
0,5,2,41,44
0,37,108,37,108
0,16,66,39,75
0,25,9,11,192
0,47,43,57,84
0,21,102,23,41
0,31,176,31,21
0,9,32,56,17
0,25,9,48,183
0,15,185,1,196
0,56,17,44,128
0,39,45,9,188
0,57,84,11,143
0,44,18,39,137
0,61,13,35,123
0,25,9,25,9
0,13,182,13,49
0,1,196,32,92
0,25,9,25,9
0,61,13,1,196
0,35,71,39,137
0,33,164,39,75
0,22,58,54,39
0,28,26,15,138
0,61,74,1,181
0,27,109,17,46
0,16,5,16,159
0,5,50,15,53
0,35,147,18,151
0,46,34,31,169
0,45,168,45,168
0,32,92,32,92
0,1,196,35,123
0,9,188,18,68
0,35,147,18,101
0,39,106,9,32
0,18,165,35,149
0,39,199,39,152
0,44,114,56,17
0,1,111,50,99
0,1,196,1,196
0,6,129,6,47
0,18,91,35,123
0,37,163,16,66
0,44,114,56,144
0,15,53,28,167
0,61,134,18,24
0,17,184,1,80
0,46,179,33,29
0,35,193,18,165
0,18,165,18,24
0,53,60,29,156
0,18,151,18,24
0,56,31,36,172
0,0,93,22,162
0,1,196,50,157
0,11,192,39,106
0,2,98,56,130
0,1,196,61,195
0,35,149,35,149
0,35,71,61,13
0,22,3,22,162
0,13,49,29,7
0,33,164,33,29
0,39,152,9,188
0,9,122,9,122
0,60,135,60,135
0,61,195,39,75
0,1,196,18,68
0,56,31,56,17
0,28,167,59,197
0,16,66,33,117
0,45,168,11,192
0,33,164,9,198
0,33,117,16,159
0,14,42,47,43
0,54,131,20,76
0,12,12,40,28
0,9,188,9,32
0,11,4,11,54
0,9,32,48,36
0,48,36,21,102
0,2,161,48,132
0,39,75,16,66
0,33,86,33,86
0,37,163,16,66
0,39,199,33,164
0,35,27,50,99
0,39,45,50,99
0,18,91,35,27
0,18,101,54,15
0,23,41,56,130
0,9,10,47,43
0,1,181,1,196
0,44,18,44,18
0,31,169,35,149
0,2,98,48,132
0,61,13,35,27
0,61,150,61,13
0,59,56,59,56
0,33,164,9,198
0,50,191,50,126
0,39,45,18,24
0,24,148,14,70
0,48,132,48,83
0,56,130,2,98
0,32,92,32,92
0,61,74,39,75
0,35,193,61,134
0,16,159,16,159
0,1,196,18,24
0,50,99,20,76
0,32,170,40,28
0,9,122,39,199
0,47,69,22,3
0,17,46,17,184
0,5,107,12,139
0,54,131,20,73
0,20,73,20,14
0,56,31,33,164
0,39,45,39,137
0,15,138,31,21
0,50,126,50,126
0,25,97,14,70
0,61,74,61,134
0,28,167,41,145
0,9,32,9,32
0,18,91,35,147
0,40,28,32,187
0,33,164,9,188
0,44,141,16,5
0,25,9,48,132
0,20,76,20,76
0,9,188,9,198
0,33,164,44,128
0,35,71,61,13
0,21,102,11,143
0,44,141,16,5
0,32,187,5,107
0,35,149,1,115
0,50,157,48,83
0,46,96,31,169
0,33,29,33,164
0,60,135,60,67
0,46,179,5,50
0,61,13,18,24
0,5,50,15,185
0,40,38,32,92
0,16,66,16,5
0,16,5,44,141
0,48,83,25,9
0,35,193,1,115
0,35,147,35,193
0,37,108,16,5
0,50,191,54,39
0,54,15,35,147
0,61,134,39,152
0,44,141,9,122
0,45,168,45,168
0,16,66,16,159
0,11,192,60,135
0,2,161,56,144
0,32,92,46,179
0,44,18,48,132
0,58,125,56,130
0,1,80,46,96
0,15,53,15,53
0,37,163,16,66
0,1,196,1,48
0,32,92,16,159
0,48,132,2,161
0,7,16,7,16
0,31,169,1,196
0,54,131,47,43
0,44,141,39,152
0,48,183,14,118
0,48,132,18,68
0,56,130,21,102
0,1,196,35,149
0,33,117,16,5
0,22,3,50,191
0,35,193,35,149
0,54,131,20,76
0,50,99,9,122
0,9,198,50,191
0,25,65,22,3
0,48,83,24,127
0,1,196,1,115
0,5,50,5,50
0,35,193,31,169
0,56,17,61,150
0,46,20,32,170
0,44,128,44,128
0,18,165,9,198
0,1,80,32,187
0,18,101,18,165
0,5,178,46,20
0,43,23,44,141
0,22,58,50,126
0,9,198,48,132
0,39,45,39,0
0,33,29,33,117
0,18,91,50,157
0,9,122,48,132
0,9,32,9,122
0,54,131,54,15
0,21,102,56,130
0,10,6,34,87
0,25,97,11,192
0,61,134,1,181
0,61,13,1,80
0,15,140,5,50
0,40,124,32,92
0,35,71,1,196
0,9,188,24,127
0,25,133,25,97
0,16,66,33,29
0,15,53,15,138
0,35,123,35,149
0,5,88,40,124
0,11,192,11,143
0,25,9,48,83
0,16,66,39,45
0,35,71,1,196
0,18,101,35,71
0,1,80,35,149
0,1,181,1,196
0,35,27,39,106
0,35,193,35,71
0,18,68,18,91
0,54,177,50,99
0,9,188,11,192
0,47,43,22,162
0,25,97,25,65
0,50,99,35,123
0,54,15,50,126
0,35,149,1,80
0,33,117,61,150
0,58,125,44,114
0,44,128,44,141
0,39,0,9,188
0,31,176,5,50
0,37,108,56,31
0,39,137,9,116
0,1,48,18,151
0,31,95,31,21
0,9,32,9,122
0,39,106,18,165
0,44,114,2,98
0,39,152,33,29
0,60,67,11,54
0,9,198,9,188
0,22,58,25,65
0,15,53,15,53
0,9,122,50,191
0,18,91,1,48
0,47,43,47,43
0,11,192,45,168
0,1,196,61,134
0,31,169,5,121
0,44,141,16,5
0,23,41,44,141
0,61,134,35,123
0,46,179,46,179
0,5,107,40,38
0,2,161,39,137
0,61,195,61,13
0,1,181,31,21
0,50,126,50,126
0,56,144,44,114
0,11,143,11,143
0,15,138,10,63
0,48,183,25,65
0,43,61,43,23
0,33,117,56,17
0,50,79,22,3
0,1,196,1,111
0,9,32,39,199
0,39,45,9,32
0,1,111,61,13
0,10,6,30,35
0,25,65,50,157
0,33,117,39,45
0,28,26,28,78
0,44,18,44,128
0,33,86,1,181
0,1,48,1,48
0,16,66,37,163
0,35,71,1,196
0,35,27,18,24
0,57,84,17,184
0,44,114,44,114
0,37,108,49,72
0,35,147,35,123
0,49,72,49,72
0,35,193,61,13
0,18,101,50,126
0,39,75,44,18
0,25,133,14,42
0,46,34,61,195
0,56,17,37,108
0,18,151,31,169
0,33,29,39,152
0,2,98,11,192
0,48,83,2,98
0,12,12,40,28
0,50,99,39,45
0,1,196,61,150
0,46,96,1,196
0,5,50,5,121
0,61,195,39,0
0,9,188,48,36
0,39,45,39,0
0,25,133,25,97
0,35,193,61,134
0,50,126,0,155
0,11,54,45,168
0,35,149,35,71
0,43,61,16,159
0,18,24,54,177
0,46,96,1,80
0,20,76,20,158
0,35,149,35,193
0,44,128,56,17
0,49,72,21,102
0,61,150,61,195
0,20,76,54,131
0,20,73,20,76
0,16,159,16,5
0,46,96,32,187
0,44,114,44,141
0,39,106,50,126
0,9,188,39,75
0,61,195,46,34
0,56,17,56,31
0,2,98,56,130
0,12,120,62,77
0,39,137,35,123
0,1,48,31,176
0,1,196,31,169
0,18,151,35,193
0,16,66,61,195
0,1,196,35,149
0,54,131,54,15
0,25,97,50,126
0,18,91,18,101
0,11,192,11,4
0,44,141,2,161
0,39,0,56,17
0,44,114,56,17
0,18,101,54,177
0,25,9,22,3
0,28,167,40,38
0,14,42,25,9
0,54,15,22,58
0,9,122,48,36
0,56,144,56,17
0,25,9,9,10
0,9,32,48,132
0,22,3,25,97
0,1,48,39,75
0,44,128,56,144
0,39,45,48,132
0,39,75,39,75
0,44,141,33,164
0,48,36,48,36
0,35,149,35,71
0,33,29,1,181
0,33,86,44,18
0,2,98,23,41
0,44,114,39,152
0,1,115,1,80
0,44,114,33,164
0,9,188,39,152
0,61,195,61,195
0,16,5,39,45
0,32,92,1,48
0,61,74,61,134
0,46,96,34,52
0,18,68,35,123
0,56,130,2,98
0,18,165,61,150
0,1,196,1,196
0,20,76,20,158
0,54,39,22,162
0,35,27,18,151
0,32,187,5,107
0,50,99,35,71
0,25,9,25,9
0,7,16,13,49
0,25,65,25,9
0,48,83,2,98
0,1,111,1,196
0,18,101,35,147
0,32,92,5,107
0,61,13,35,193
0,58,125,2,98
0,5,50,5,50
0,61,134,61,134
0,18,68,2,98
0,61,150,39,45
0,54,39,22,3
0,61,150,33,164
0,5,178,5,50
0,46,179,33,29
0,35,71,39,137
0,43,61,37,163
0,0,155,52,30
0,9,10,9,32
0,61,134,1,115
0,33,29,46,34
0,31,176,31,176
0,39,45,9,188
0,61,13,35,27
0,56,144,37,108
0,2,98,21,102
0,33,117,16,66
0,9,188,39,0
0,10,180,59,197
0,18,68,48,83
0,39,152,39,0
0,56,130,39,75
0,14,118,25,9
0,46,110,46,179
0,32,8,31,21
0,39,152,33,86
0,46,179,32,92
0,35,71,18,24
0,44,141,43,61
0,35,193,61,74
0,43,61,33,117
0,44,18,2,98
0,61,134,39,106
0,1,48,46,96
0,1,196,31,176
0,22,58,54,39
0,44,18,1,181
0,35,147,35,71
0,61,74,39,75
0,1,111,61,150
0,18,101,18,91
0,5,2,28,26
0,15,53,10,63
0,1,115,1,196
0,56,31,56,144
0,35,149,35,149
0,25,9,25,9
0,35,71,1,196
0,22,3,22,58
0,25,65,50,157
0,5,50,15,53
0,1,196,61,74
0,31,169,35,149
0,11,143,11,192
0,35,71,1,196
0,1,196,5,107
0,33,164,33,29
0,11,192,45,168
0,1,196,31,95
0,46,96,32,170
0,35,123,1,48
0,54,39,0,155
0,1,196,1,196
0,56,17,33,164
0,6,129,47,175
0,9,188,9,116
0,35,27,35,27
0,9,188,48,132
0,50,99,50,99
0,46,96,32,187
0,34,52,28,78
0,46,179,46,179
0,44,114,48,83
0,39,106,9,10
0,1,115,61,134
0,32,92,32,92
0,15,140,5,2
0,46,96,32,92
0,32,170,43,61
0,1,115,46,96
0,9,116,48,183
0,48,183,48,36
0,61,150,39,0
0,9,116,18,101
0,56,17,56,17
0,39,75,46,110
0,32,187,12,120
0,5,121,5,121
0,22,162,20,76
0,56,31,56,31
0,40,28,40,28
0,56,130,56,130
0,43,23,37,108
0,48,83,58,51
0,2,98,2,98
0,39,106,18,165
0,9,198,50,157
0,11,192,11,54
0,9,10,39,137
0,39,45,44,18
0,32,170,32,92
0,35,149,18,151
0,50,191,50,79
0,11,54,11,143
0,43,61,43,61
0,34,52,4,25
0,48,132,25,9
0,1,115,35,71
0,1,115,31,176
0,9,32,2,161
0,39,152,33,29
0,52,154,6,174
0,50,79,25,9
0,5,50,5,2
0,22,3,22,58
0,9,10,9,32
0,1,48,1,196
0,17,184,27,109
0,56,144,44,114
0,35,149,1,80
0,39,152,33,29
0,34,52,10,136
0,61,134,39,152
0,32,170,46,20
0,31,169,1,196
0,11,143,6,47
0,39,0,35,149
0,39,106,54,15
0,28,78,15,138
0,4,142,34,52
0,44,18,16,66
0,18,91,35,71
0,9,188,44,18
0,1,111,33,117
0,33,86,35,123
0,5,88,41,44
0,5,2,40,28
0,35,149,1,196
0,20,14,20,76
0,46,34,46,179
0,5,121,32,187
0,31,21,46,20
0,18,68,39,152
0,8,194,45,168
0,1,196,35,193
0,61,150,33,117
0,9,32,18,91
0,46,20,43,61
0,35,149,1,48
0,56,130,2,98
0,1,48,35,149
0,35,149,61,150
0,35,147,35,71
0,17,184,27,186
0,5,50,31,21
0,20,14,20,73
0,14,42,25,65
0,50,79,9,198
0,56,130,2,98
0,1,115,35,149
0,1,196,31,95
0,46,34,5,2
0,61,13,39,199
0,33,117,33,117
0,11,54,8,57
0,16,159,46,96
0,11,54,60,67
0,60,67,60,135
0,22,3,22,58
0,18,101,35,147
0,50,99,35,149
0,35,149,35,147
0,1,196,46,96
0,1,196,31,21
0,54,15,54,15
0,1,181,32,170
0,39,0,1,181
0,35,193,18,24
0,11,54,45,168
0,40,124,5,121
0,35,149,1,48
0,61,13,39,137
0,1,181,31,169
0,46,179,46,179
0,9,198,9,122
0,9,122,50,79
0,44,128,33,117
0,2,98,48,132
0,61,195,46,34
0,48,132,44,114
0,28,167,5,2
0,35,193,35,71
0,45,168,25,65
0,5,50,5,50
0,34,52,15,185
0,56,17,23,41
0,7,16,7,16
0,16,159,16,159
0,9,10,50,99
0,1,196,35,149
0,35,149,35,123
0,1,196,1,48
0,15,53,15,53
0,25,9,14,42
0,35,123,35,123
0,20,76,17,184
0,15,185,1,48
0,61,150,61,134
0,12,120,12,173
0,9,188,9,32
0,61,195,46,96
0,38,160,38,104
0,46,179,5,107
0,40,124,33,29
0,35,71,18,165
0,5,2,42,189
0,33,164,33,29
0,17,184,27,186
0,48,183,24,127
0,39,45,61,13
0,9,198,1,115
0,9,198,9,122
0,5,88,32,8
0,39,199,39,45
0,61,134,1,196
0,26,171,12,120
0,28,26,5,2
0,1,196,31,95
0,18,151,18,24
0,48,132,9,10
0,56,31,58,125
0,18,68,35,147
0,2,98,2,98
0,39,199,33,29
0,48,83,18,24
0,39,199,39,106
0,61,134,61,134
0,35,147,35,149
0,44,141,46,20
0,50,191,25,133
0,23,41,49,72
0,15,53,10,180
0,44,128,44,128
0,50,157,25,9
0,50,79,50,99
0,18,91,50,79
0,50,157,18,101
0,36,172,2,98
0,1,181,46,34
0,44,18,9,188
0,33,86,44,128
0,44,128,56,144
0,60,135,60,112
0,11,143,11,192
0,1,111,61,150
0,5,88,46,96
0,15,53,28,167
0,2,98,9,122
0,39,137,44,18
0,35,149,35,71
0,18,24,9,10
0,15,138,34,87
0,9,188,44,114
0,18,101,50,99
0,44,128,56,144
0,33,164,39,152
0,1,196,9,188
0,9,122,9,116
0,33,117,44,128
0,33,164,16,66
0,44,18,16,5
0,20,73,20,158
0,35,193,18,101
0,12,120,12,173
0,35,149,18,91
0,9,188,9,122
0,9,198,48,183
0,46,110,46,96
0,61,13,61,134
0,25,133,50,157
0,46,34,37,163
0,35,71,18,165
0,31,21,61,74
0,39,45,2,98
0,32,8,33,29
0,11,54,8,153
0,6,47,6,129
0,5,2,5,50
0,39,199,39,106
0,9,122,48,83
0,37,163,33,117
0,14,42,38,104
0,56,31,56,31
0,9,188,39,152
0,33,86,16,159
0,1,196,1,48
0,25,65,50,157
0,31,95,31,95
0,39,106,9,122
0,50,99,54,15
0,39,75,1,111
0,22,162,50,157
0,1,80,1,196
0,56,130,56,130
0,15,53,15,185
0,1,115,1,115
0,50,191,25,65
0,10,63,10,136
0,18,68,31,176
0,61,150,35,149
0,46,34,1,181
0,61,134,35,193
0,9,32,9,122
0,1,111,1,196
0,18,24,39,106
0,35,147,39,106
0,44,141,37,108
0,61,13,1,115
0,20,14,20,73
0,39,0,1,196
0,39,106,18,151
0,35,149,61,13
0,37,108,37,108
0,50,99,50,157
0,39,45,9,198
0,49,72,29,7
0,61,74,61,13
0,17,46,57,11
0,2,98,2,98
0,20,158,20,73
0,5,107,40,124
0,6,174,6,129
0,61,134,35,193
0,1,181,32,170
0,9,122,39,199
0,1,48,61,134
0,11,192,45,168
0,35,193,35,27
0,54,15,18,101
0,35,27,18,151
0,35,27,50,99
0,2,98,2,98
0,5,50,5,50
0,16,5,46,179
0,25,133,11,192
0,39,75,39,199
0,56,130,56,31
0,33,164,9,32
0,9,198,48,83
0,0,155,54,39
0,6,47,57,11
0,0,93,14,42
0,50,79,50,126
0,48,183,48,183
0,9,188,9,32
0,9,188,9,198
0,5,107,5,107
0,50,79,50,126
0,39,75,56,17
0,46,179,33,86
0,52,154,6,174
0,1,196,32,187
0,37,163,37,163
0,27,109,1,181
0,0,93,22,3
0,35,149,1,196
0,25,65,22,58
0,35,149,18,68
0,50,126,50,126
0,18,151,35,123
0,50,157,25,65
0,7,16,62,146
0,35,71,1,196
0,32,170,32,92
0,59,197,10,6
0,28,167,34,100
0,5,50,5,2
0,50,79,22,3
0,39,199,9,188
0,1,181,18,151
0,1,196,31,176
0,1,80,54,177
0,39,75,61,134
0,18,151,18,101
0,43,23,12,12
0,22,58,54,39
0,33,164,44,114
0,56,31,2,98
0,39,199,39,106
0,5,107,31,95
0,5,107,43,61
0,20,73,20,73
0,2,161,39,45
0,35,149,35,71
0,32,187,15,185
0,1,196,35,149
0,50,126,54,177
0,1,115,1,196
0,1,115,9,122
0,22,58,50,79
0,39,152,9,188
0,60,67,11,54
0,52,30,38,160
0,52,30,27,94
0,9,116,9,32
0,62,146,7,16
0,2,161,2,98
0,46,96,46,96
0,35,149,46,96
0,9,10,39,199
0,1,115,35,147
0,39,199,33,164
0,1,181,1,181
0,39,152,39,45
0,11,82,60,67
0,39,0,1,48
0,1,80,1,111
0,48,183,25,9
0,5,107,32,187
0,5,107,5,2
0,39,75,1,80
0,33,164,46,110
0,33,164,18,101
0,1,196,1,80
0,34,87,10,136
0,1,196,1,115
0,37,163,43,23
0,15,53,15,138
0,12,120,42,189
0,50,157,50,99
0,50,191,22,3
0,9,122,1,115
0,39,45,39,45
0,18,151,18,68
0,31,169,33,29
0,35,71,31,176
0,31,176,1,196
0,33,117,33,164
0,34,87,15,185
0,5,107,32,92
0,48,132,44,128
0,9,198,9,10
0,45,168,60,135
0,18,165,9,10
0,50,79,50,126
0,9,122,9,32
0,31,95,5,2
0,50,191,25,9
0,18,91,18,24
0,5,2,28,167
0,22,162,54,39
0,20,158,20,76
0,44,114,44,114
0,11,192,14,42
0,50,157,50,157
0,0,155,0,93
0,35,71,1,196
0,1,115,1,196
0,1,115,35,147
0,45,168,48,132
0,35,27,35,147
0,54,177,0,93
0,46,110,1,181
0,61,150,35,123
0,48,36,2,98
0,9,188,39,199
0,12,120,12,12
0,60,135,24,127
0,35,147,35,71
0,18,151,54,15
0,28,167,28,167
0,35,149,35,149
0,48,183,25,97
0,1,196,1,196
0,50,157,18,24
0,43,61,46,179
0,33,164,9,198
0,15,140,1,48
0,39,45,61,134
0,48,183,48,132
0,2,98,56,31
0,61,195,46,96
0,22,58,50,191
0,15,185,5,50
0,35,27,61,134
0,39,199,50,99
0,18,101,39,199
0,35,71,35,149
0,35,147,35,149
0,14,118,48,83
0,1,48,1,111
0,1,48,61,150
0,50,79,25,97
0,44,128,16,5
0,1,196,1,181
0,16,66,44,114
0,27,94,20,73
0,61,74,33,86
0,33,164,39,152
0,39,106,18,101
0,2,98,39,152
0,1,196,61,134
0,54,39,20,76
0,56,17,2,161
0,5,50,15,140
0,15,53,34,87
0,45,19,63,59
0,1,80,46,20
0,11,143,11,192
0,11,192,8,153
0,16,5,44,141
0,1,80,32,92
0,2,161,2,98
0,5,50,5,2
0,43,61,32,187
0,20,14,20,73
0,5,178,32,187
0,1,48,35,149
0,42,189,12,12
0,61,195,61,13
0,48,132,39,106
0,61,74,39,137
0,15,185,31,169
0,28,167,34,100
0,1,196,18,165
0,61,13,39,0
0,37,108,37,108
0,18,151,18,91
0,35,149,31,176
0,46,96,33,29
0,43,61,46,179
0,1,111,61,150
0,9,10,50,99
0,50,157,50,126
0,44,128,2,98
0,1,196,35,149
0,22,3,25,9
0,62,146,12,120
0,61,74,35,193
0,2,98,44,128
0,33,164,39,45
0,1,48,32,187
0,50,157,50,191
0,29,7,7,16
0,20,158,20,76
0,36,172,21,102
0,31,95,46,96
0,14,118,38,104
0,43,64,12,120
0,21,102,21,102
0,1,196,18,91
0,52,30,52,154
0,33,164,2,98
0,1,196,35,149
0,38,104,38,160
0,56,130,56,130
0,56,130,44,141
0,2,98,21,102
0,34,52,28,26
0,36,172,56,31
0,6,129,57,84
0,32,92,32,170
0,15,185,5,2
0,5,107,5,107
0,46,20,5,107
0,1,196,1,115
0,39,0,1,196
0,28,167,5,107
0,5,50,5,2
0,10,63,10,6
0,61,150,61,13
0,32,170,5,2
0,43,61,46,179
0,33,164,33,29
0,46,96,32,8
0,45,168,60,135
0,53,60,16,5
0,39,137,39,0
0,16,5,43,23
0,1,196,1,196
0,28,167,5,2
0,1,115,1,115
0,25,65,60,135
0,18,24,18,91
0,31,176,31,95
0,56,144,56,17
0,61,13,1,196
0,25,9,25,65
0,1,196,1,48
0,36,172,56,130
0,15,53,15,53
0,50,157,50,99
0,15,138,5,88
0,45,168,45,168
0,31,176,46,96
0,25,133,25,133
0,47,69,47,43
0,44,128,2,98
0,0,93,0,155
0,1,80,46,96
0,61,195,46,20
0,37,108,37,163
0,32,92,43,23
0,1,181,1,196
0,43,64,46,179
0,47,43,22,3
0,15,53,15,53
0,11,143,11,143
0,46,34,61,74
0,22,3,50,99
0,49,72,49,72
0,11,192,45,168
0,11,54,11,192
0,56,144,56,17
0,11,54,63,190
0,39,75,61,74
0,1,196,35,149
0,50,99,9,116
0,46,20,46,110
0,31,176,1,115
0,29,7,49,72
0,44,18,39,137
0,9,116,9,198
0,1,196,1,181
0,16,159,33,29
0,14,70,25,133
0,61,74,1,111
0,26,103,12,12
0,58,1,2,161
0,35,149,35,149
0,33,117,33,29
0,20,73,27,94
0,39,0,33,164
0,61,150,33,29
0,50,191,9,198
0,9,122,50,191
0,5,88,32,8
0,61,74,39,0
0,44,114,44,114
0,32,92,46,179
0,18,151,50,99
0,5,2,31,21
0,25,9,25,133
0,33,164,61,150
0,35,149,35,193
0,18,68,48,83
0,1,115,35,149
0,2,161,44,128
0,50,99,50,99
0,56,130,56,144
0,9,198,39,199
0,46,96,46,34
0,35,147,35,149
0,20,158,20,76
0,5,107,33,29
0,9,188,61,134
0,29,7,58,125
0,61,74,1,196
0,48,36,9,188
0,54,15,54,39
0,18,68,61,134
0,39,45,50,157
0,18,91,18,151
0,46,96,1,80
0,37,108,56,144
0,61,134,35,149
0,1,181,1,80
0,15,185,31,176
0,33,164,33,117
0,35,71,61,13
0,3,37,49,72
0,34,87,34,52
0,33,29,16,159
0,12,173,12,120
0,25,133,50,157
0,35,27,35,149
0,35,123,39,199
0,18,91,35,193
0,9,122,50,79
0,35,147,1,48
0,26,171,12,173
0,33,117,16,66
0,54,177,54,39
0,18,68,39,0
0,35,147,61,134
0,35,149,1,196
0,9,32,39,0
0,18,68,39,0
0,48,83,24,127
0,12,12,42,189
0,33,86,1,196
0,33,29,1,115
0,48,132,48,183
0,46,110,46,20
0,1,111,33,164
0,34,87,10,63
0,39,45,39,137
0,33,117,33,29
0,16,159,56,144
0,15,185,28,167
0,39,199,39,0
0,33,86,46,96
0,18,91,9,10
0,2,161,2,161
0,18,24,9,10
0,61,195,1,48
0,56,31,56,130
0,5,50,15,53
0,9,122,18,68
0,1,48,1,196
0,44,128,44,141
0,61,134,48,183
0,44,18,44,114
0,1,115,35,193
0,61,134,61,150
0,18,24,25,65
0,1,80,35,147
0,50,157,50,99
0,61,74,35,147
0,17,184,61,195
0,15,185,5,178
0,1,181,32,92
0,56,17,33,164
0,1,196,5,107
0,40,28,32,92
0,9,122,9,198
0,32,187,5,88
0,56,17,2,98
0,17,46,6,47
0,25,97,50,157
0,56,144,44,141
0,61,150,33,86
0,5,2,31,21
0,50,79,18,101
0,9,188,44,18
0,25,97,25,65
0,1,48,1,181
0,32,8,1,196
0,54,39,0,93
0,50,191,22,162
0,31,95,1,111
0,45,168,60,135
0,16,66,39,199
0,1,115,1,196
0,28,167,28,78
0,18,91,35,193
0,56,17,2,161
0,16,5,56,31
0,1,111,61,150
0,33,164,61,150
0,35,71,1,48
0,9,116,39,137
0,25,133,22,58
0,61,13,61,195
0,44,141,56,17
0,39,152,44,128
0,39,45,44,141
0,25,9,14,118
0,39,0,61,150
0,35,147,18,151
0,50,99,35,71
0,52,30,52,154
0,5,50,15,185
0,61,150,18,101
0,62,77,12,120
0,60,112,45,168
0,9,122,39,199
0,61,134,61,150
0,61,74,32,8
0,1,196,15,53
0,22,58,18,165
0,56,130,39,45
0,31,176,1,115
0,9,122,39,106
0,30,35,10,63
0,33,164,1,196
0,50,126,50,191
0,9,32,9,122
0,33,29,32,187
0,40,28,37,62
0,50,191,25,97
0,60,135,58,51
0,18,151,61,13
0,33,117,43,23
0,48,183,48,183
0,15,140,15,140
0,25,9,25,9
0,34,87,15,138
0,1,196,35,149
0,18,91,61,13
0,61,74,18,68
0,11,143,8,57
0,12,120,40,38
0,9,32,39,137
0,35,193,35,147
0,9,32,9,122
0,44,128,33,164
0,45,168,24,148
0,10,6,10,63
0,1,115,9,32
0,0,155,27,109
0,12,12,42,189
0,35,147,35,71
0,9,32,25,65
0,46,20,32,170
0,22,3,22,58
0,32,92,1,80
0,37,108,62,77
0,16,5,2,161
0,61,195,31,169
0,1,111,1,48
0,1,115,1,196
0,15,185,15,185
0,17,184,52,30
0,56,31,62,146
0,5,107,5,50
0,33,164,39,152
0,33,164,44,18
0,9,198,48,183
0,50,99,18,91
0,46,34,5,50
0,1,48,1,48
0,35,27,54,39
0,16,159,32,92
0,11,192,60,67
0,56,17,16,5
0,61,74,35,149
0,35,149,46,34
0,25,65,18,24
0,9,32,48,183
0,37,163,40,124
0,32,92,46,96
0,35,193,1,115
0,9,32,18,91
0,56,31,33,117
0,56,144,44,128
0,61,74,39,137
0,35,71,35,27
0,18,24,18,24
0,48,83,48,132
0,18,101,54,15
0,37,163,62,77
0,1,196,1,111
0,50,157,39,199
0,31,21,18,24
0,22,3,25,133
0,44,141,33,164
0,46,110,43,61
0,54,177,54,131
0,43,61,16,159
0,1,196,1,48
0,27,186,47,175
0,24,127,25,65
0,23,41,2,98
0,35,193,35,147
0,18,151,18,91
0,44,141,9,188
0,1,196,32,170
0,32,8,33,86
0,61,13,31,21
0,15,53,5,178
0,22,58,22,58
0,1,48,44,114
0,16,5,43,64
0,39,75,35,149
0,33,86,33,29
0,9,198,39,45
0,56,130,56,31
0,1,115,35,27
0,9,122,35,149
0,9,198,33,164
0,46,110,18,101
0,15,53,28,26
0,35,149,1,115
0,1,196,1,80
0,2,161,44,114
0,61,150,46,20
0,46,96,33,164
0,39,152,39,106
0,16,66,33,117
0,44,114,58,125
0,33,86,33,86
0,35,193,35,193
0,9,32,39,199
0,11,192,11,192
0,32,187,15,140
0,9,122,9,32
0,2,161,44,114
0,15,185,15,185
0,9,198,9,32
0,48,132,18,91
0,41,145,34,52
0,48,132,60,67
0,60,67,60,112
0,5,178,32,92
0,50,157,18,165
0,20,73,20,73
0,18,68,61,195
0,33,164,46,96
0,37,108,37,62
0,18,68,1,115
0,18,24,39,137
0,10,180,41,89
0,1,196,32,187
0,1,196,35,149
0,18,165,50,79
0,20,76,20,76
0,48,132,24,127
0,1,196,45,168
0,35,149,1,196
0,61,13,1,115
0,1,111,61,195
0,18,101,61,150
0,18,24,35,147
0,18,24,54,177
0,9,188,50,157
0,6,47,52,154
0,38,104,11,192
0,35,193,35,71
0,26,171,62,146
0,46,20,1,115
0,18,68,33,164
0,1,196,61,74
0,1,48,1,111
0,1,111,1,111
0,35,27,61,134
0,22,58,22,3
0,15,140,5,50
0,35,149,1,196
0,18,101,18,101
0,11,143,17,184
0,35,193,61,13
0,48,132,9,198
0,46,34,33,29
0,28,26,4,142
0,35,149,35,147
0,13,49,49,72
0,12,120,12,120
0,22,162,50,126
0,1,111,1,196
0,9,188,9,122
0,43,23,43,23
0,61,13,35,149
0,61,134,39,0
0,35,71,35,71
0,56,130,2,98
0,28,167,32,170
0,56,17,56,17
0,39,152,33,117
0,9,188,9,188
0,25,65,9,10
0,46,34,46,96
0,61,134,35,193
0,35,149,35,149
0,42,189,41,145
0,9,198,39,152
0,33,164,39,45
0,1,115,56,144
0,6,129,6,47
0,9,198,9,188
0,41,145,15,53
0,33,117,33,86
0,37,163,16,5
0,11,54,8,153
0,39,0,1,196
0,32,8,32,92
0,35,149,35,149
0,5,88,15,185
0,32,8,46,110
0,1,196,5,178
0,22,162,22,58
0,46,179,46,179
0,9,122,1,196
0,61,195,61,195
0,35,71,1,196
0,15,138,31,95
0,9,32,39,137
0,52,30,27,186
0,51,81,3,37
0,37,108,37,163
0,2,98,9,32
0,11,192,58,51
0,17,184,27,94
0,44,114,44,18
0,28,78,28,167
0,15,138,34,87
0,61,74,39,0
0,56,130,56,130
0,44,18,39,75
0,37,108,37,62
0,59,197,10,136
0,0,93,20,158
0,43,23,44,141
0,2,98,56,144
0,54,131,20,158
0,50,191,22,58
0,15,140,31,95
0,39,137,9,32
0,48,132,48,83
0,33,164,39,0
0,35,149,1,196
0,1,196,39,137
0,56,144,36,172
0,33,164,44,141
0,5,2,28,78
0,18,151,35,147
0,28,167,28,167
0,22,58,48,183
0,1,48,35,193
0,33,29,39,75
0,1,196,35,71
0,20,76,0,155
0,1,115,1,196
0,16,66,46,110
0,40,28,32,92
0,20,73,54,177
0,39,199,18,68
0,39,152,9,32
0,33,117,61,13
0,1,196,5,88
0,56,144,56,31
0,24,148,60,135
0,9,188,2,161
0,1,115,1,111
0,1,196,61,74
0,13,49,49,72
0,16,5,56,17
0,18,24,9,122
0,14,118,25,133
0,35,193,35,71
0,1,80,5,2
0,39,106,33,164
0,35,149,35,27
0,18,165,9,122
0,18,165,39,106
0,11,192,60,22
0,22,58,22,162
0,0,93,22,162
0,29,7,29,7
0,20,73,20,76
0,16,5,44,128
0,50,191,25,133
0,5,107,5,2
0,18,68,50,157
0,1,196,1,196
0,16,159,33,29
0,50,191,50,157
0,16,5,16,66
0,16,159,5,178
0,35,193,1,196
0,21,102,2,98
0,9,32,48,132
0,33,117,44,18
0,1,111,1,111
0,1,115,35,71
0,50,157,22,3
0,11,54,11,192
0,60,67,48,132
0,61,134,1,196
0,1,196,35,149
0,5,88,33,164
0,40,28,5,107
0,60,67,11,54
0,15,53,15,140
0,2,98,2,98
0,40,28,5,121
0,44,18,56,130
0,9,122,33,86
0,33,86,46,34
0,35,147,35,123
0,16,159,39,137
0,61,13,61,195
0,35,27,35,147
0,56,17,2,161
0,18,101,35,147
0,1,111,1,181
0,21,102,21,102
0,11,54,11,54
0,5,107,1,196
0,46,34,1,181
0,1,111,35,123
0,18,165,9,122
0,9,122,50,157
0,56,130,56,31
0,61,74,61,13
0,25,65,48,183
0,46,34,46,96
0,9,188,56,130
0,1,48,44,141
0,11,54,45,168
0,1,196,35,149
0,25,65,50,191
0,16,5,43,23
0,56,144,56,31
0,7,16,29,156
0,56,144,18,68
0,45,168,45,168
0,18,68,9,122
0,25,9,48,183
0,9,10,50,157
0,35,149,35,149
0,35,71,39,199
0,39,199,9,32
0,43,23,37,62
0,9,198,9,10
0,35,27,18,151
0,33,164,39,75
0,25,9,9,116
0,33,164,44,114
0,35,71,18,151
0,35,149,35,149
0,61,134,18,91
0,1,48,1,115
0,5,178,31,95
0,34,52,28,26
0,61,74,1,115
0,18,91,18,101
0,5,2,5,2
0,47,43,22,162
0,39,199,39,45
0,5,178,33,164
0,54,177,54,131
0,3,37,3,37
0,62,146,16,66
0,35,123,39,152
0,37,108,37,163
0,54,177,54,39
0,60,135,11,143
0,20,73,20,73
0,50,191,50,157
0,25,9,48,83
0,2,98,21,102
0,60,67,11,82
0,35,149,35,147
0,26,171,37,163
0,52,30,20,73
0,54,39,50,126
0,46,179,43,23
0,1,80,1,196
0,39,199,9,122
0,54,131,20,76
0,22,162,54,39
0,33,117,37,163
0,9,198,48,183
0,1,48,1,196
0,1,111,61,74
0,18,68,18,101
0,18,68,39,106
0,48,132,48,36
0,5,121,43,61
0,54,131,54,131
0,16,159,16,66
0,43,23,32,187
0,37,163,16,5
0,60,135,11,192
0,50,79,22,3
0,56,130,33,29
0,9,122,50,99
0,50,191,25,133
0,39,106,39,137
0,1,196,5,2
0,5,50,5,50
0,6,129,20,73
0,9,188,39,106
0,32,187,5,2
0,25,9,2,98
0,39,75,33,29
0,57,11,20,14
0,32,92,46,179
0,18,24,50,99
0,35,193,9,122
0,18,91,39,106
0,46,179,44,141
0,44,18,44,128
0,28,167,28,167
0,48,132,56,144
0,35,149,18,151
0,35,149,18,165
0,25,9,9,122
0,50,99,50,79
0,1,196,1,196
0,61,13,1,80
0,1,48,1,111
0,50,191,50,126
0,39,152,46,96
0,20,158,20,73
0,44,128,44,141
0,15,53,15,53
0,12,120,12,120
0,48,183,22,3
0,61,134,61,150
0,46,20,16,159
0,22,162,50,126
0,54,39,54,177
0,50,79,35,123
0,35,149,35,149
0,35,71,18,24
0,9,188,44,114
0,1,48,1,111
0,18,24,18,151
0,1,181,33,117
0,9,198,9,32
0,9,188,33,164
0,18,151,18,101
0,1,48,1,181
0,50,79,50,191
0,61,13,18,91
0,35,149,1,115
0,39,75,44,128
0,32,92,46,179
0,18,151,50,126
0,35,193,31,176
0,18,101,35,147
0,61,195,33,164
0,33,164,9,188
0,20,73,20,76
0,25,133,0,93
0,1,196,1,80
0,39,199,39,0
0,48,183,48,83
0,1,48,35,147
0,56,130,56,31
0,28,26,10,136
0,18,24,18,101
0,44,141,44,128
0,12,12,12,120
0,34,52,34,52
0,16,66,44,141
0,44,114,16,66
0,50,126,50,99
0,9,10,44,114
0,11,143,45,168
0,25,9,48,183
0,35,147,35,193
0,50,99,18,165
0,6,129,57,11
0,34,87,34,52
0,16,159,16,159
0,25,65,25,65
0,50,126,50,99
0,50,157,18,101
0,9,122,48,132
0,39,75,39,137
0,50,99,18,24
0,16,5,16,5
0,1,196,35,149
0,5,50,5,50
0,46,110,33,117
0,61,134,18,91
0,36,172,21,102
0,1,115,1,115
0,35,149,35,149
0,47,43,25,133
0,33,164,33,117
0,37,163,37,62
0,20,73,20,14
0,60,135,11,54
0,18,24,9,122
0,39,137,31,21
0,46,96,32,92
0,5,178,5,50
0,48,183,50,79
0,39,75,33,164
0,1,196,35,71
0,1,115,18,91
0,40,124,12,120
0,39,0,61,150
0,35,123,1,196
0,18,24,54,39
0,33,164,18,68
0,50,126,18,151
0,46,110,32,170
0,50,99,54,15
0,5,50,31,95
0,61,134,61,134
0,39,106,61,13
0,34,52,15,138
0,31,169,31,21
0,12,120,40,28
0,35,149,35,149
0,9,10,25,65
0,32,187,32,187
0,18,151,35,123
0,23,41,36,172
0,44,141,56,31
0,58,51,24,148
0,11,4,60,67
0,9,10,18,101
0,61,13,1,115
0,33,164,46,110
0,61,195,61,150
0,23,41,56,144
0,61,13,1,196
0,61,13,35,149
0,32,8,1,111
0,8,57,11,143
0,15,140,15,140
0,9,10,44,114
0,22,162,0,93
0,39,75,61,150
0,29,7,13,49
0,33,86,35,27
0,39,45,33,86
0,44,128,16,5
0,9,188,9,198
0,9,10,35,27
0,5,50,31,95
0,9,122,18,24
0,35,71,1,196
0,49,72,58,125
0,44,114,44,114
0,50,79,50,126
0,35,193,18,68
0,58,125,2,161
0,39,152,39,152
0,34,52,10,63
0,35,149,35,149
0,1,196,35,193
0,1,48,46,96
0,25,9,9,122
0,15,185,5,88
0,44,141,9,188
0,54,15,1,115
0,0,93,54,15
0,5,88,31,176
0,35,149,35,149
0,46,179,46,34
0,35,71,9,10
0,32,92,32,92
0,18,101,18,101
0,18,151,1,196
0,44,141,39,199
0,48,83,50,157
0,48,183,9,198
0,1,115,1,196
0,31,176,1,48
0,35,149,35,71
0,44,114,9,32
0,18,68,18,91
0,39,106,39,137
0,37,108,16,5
0,39,106,9,122
0,54,15,18,24
0,58,51,24,127
0,25,65,25,65
0,2,161,39,75
0,32,8,1,181
0,46,96,46,179
0,39,45,39,199
0,46,96,46,110
0,35,149,35,71
0,9,198,9,116
0,20,14,20,76
0,44,141,33,164
0,46,179,16,159
0,1,48,1,181
0,10,136,10,63
0,46,96,46,20
0,18,68,39,75
0,15,140,5,50
0,2,98,56,144
0,9,122,1,181
0,33,117,37,163
0,1,115,18,68
0,31,95,1,196
0,61,74,1,115
0,25,133,50,191
0,1,115,50,157
0,1,196,31,21
0,22,3,39,45
0,35,147,50,99
0,46,96,46,96
0,40,38,32,92
0,9,122,25,9
0,54,15,35,193
0,16,159,16,159
0,1,196,1,80
0,46,34,16,159
0,11,143,45,168
0,1,80,1,80
0,50,191,25,97
0,41,44,28,167
0,54,177,0,93
0,5,88,1,115
0,17,184,52,30
0,50,191,61,13
0,33,86,33,164
0,56,17,58,125
0,6,47,17,46
0,1,115,61,13
0,50,99,50,79
0,48,83,25,65
0,33,117,33,29
0,44,18,1,196
0,35,71,35,149
0,1,196,35,149
0,35,27,20,73
0,50,157,9,122
0,33,86,33,164
0,50,126,50,126
0,18,165,18,165
0,9,188,9,188
0,34,87,34,52
0,27,186,20,158
0,2,98,21,102
0,12,120,12,173
0,16,5,16,5
0,61,13,61,134
0,56,144,56,144
0,1,196,18,91
0,5,88,43,61
0,11,54,11,54
0,18,151,35,123
0,1,196,1,196
0,46,96,1,111
0,49,72,3,37
0,44,128,1,196
0,34,52,15,138
0,33,164,61,195
0,20,76,20,158
0,44,114,18,68
0,11,192,11,192
0,28,26,15,140
0,43,23,37,62
0,18,151,35,27
0,48,183,39,199
0,25,65,48,183
0,61,150,1,196
0,44,18,9,188
0,25,133,25,133
0,1,196,31,169
0,10,136,10,63
0,11,54,45,168
0,1,111,46,34
0,5,2,28,167
0,37,108,37,163
0,32,92,46,20
0,52,30,17,184
0,33,29,44,114
0,37,62,43,23
0,50,126,54,177
0,32,187,46,110
0,46,20,1,111
0,33,29,61,150
0,22,58,50,157
0,46,179,32,92
0,50,157,9,116
0,48,83,39,199
0,35,149,35,149
0,45,168,45,168
0,44,114,39,45
0,50,79,50,126
0,46,96,1,111
0,18,165,18,151
0,41,89,5,107
0,43,61,44,141
0,33,164,9,188
0,1,196,1,48
0,1,196,35,149
0,22,58,47,43
0,39,75,44,18
0,1,196,1,80
0,35,149,35,27
0,9,188,9,188
0,23,41,29,85
0,25,65,25,65
0,22,3,25,97
0,50,99,9,10
0,33,117,33,29
0,50,126,50,99
0,12,120,12,120
0,22,162,50,79
0,50,99,50,157
0,33,86,32,8
0,46,179,32,187
0,54,177,54,131
0,35,27,31,21
0,18,101,18,151
0,9,198,44,18
0,1,115,50,157
0,20,158,20,73
0,25,9,14,70
0,61,13,61,134
0,39,106,25,65
0,35,193,35,193
0,1,196,1,196
0,5,50,5,50
0,1,196,46,34
0,27,94,0,155
0,42,189,12,12
0,1,80,1,196
0,35,123,61,74
0,33,117,39,0
0,32,187,32,92
0,62,146,7,16
0,25,9,25,133
0,46,96,1,115
0,62,77,26,171
0,34,52,15,53
0,22,162,22,58
0,31,169,33,86
0,45,168,11,143
0,35,71,35,123
0,13,182,13,182
0,9,10,18,24
0,9,32,50,99
0,9,32,25,65
0,9,122,39,199
0,54,177,50,126
0,12,120,12,12
0,2,98,58,125
0,5,50,5,121
0,7,16,49,72
0,21,40,60,67
0,16,5,56,17
0,35,147,1,48
0,31,176,5,50
0,61,195,46,34
0,35,149,35,71
0,39,106,35,193
0,37,108,37,108
0,15,138,15,138
0,37,108,33,29
0,46,110,61,13
0,10,180,59,197
0,26,171,37,163
0,31,169,33,86
0,11,82,11,192
0,33,29,1,196
0,61,74,35,71
0,35,123,31,21
0,18,151,18,24
0,56,31,58,125
0,20,14,20,73
0,39,199,35,123
0,18,24,35,193
0,33,117,61,195
0,15,140,31,21
0,15,185,5,2
0,35,71,1,196
0,50,99,18,165
0,5,50,5,50
0,35,27,35,71
0,43,23,16,159
0,44,141,33,86
0,25,65,25,9
0,10,136,10,180
0,50,126,54,15
0,9,188,14,118
0,5,2,10,6
0,12,120,32,8
0,31,21,1,196
0,25,65,57,84
0,5,107,1,196
0,61,195,33,164
0,37,108,16,5
0,35,71,61,13
0,48,83,48,183
0,34,87,15,138
0,52,30,17,184
0,1,111,61,74
0,9,198,39,45
0,43,61,43,23
0,18,165,9,10
0,32,8,1,115
0,31,21,15,140
0,18,151,54,15
0,16,66,16,5
0,10,63,10,136
0,15,53,15,53
0,44,141,16,66
0,44,114,33,164
0,1,196,1,111
0,5,121,43,61
0,20,76,20,73
0,61,13,1,196
0,46,179,46,179
0,1,196,5,107
0,33,29,18,91
0,35,71,35,149
0,33,164,16,159
0,39,199,50,157
0,43,61,32,92
0,9,122,50,157
0,33,117,44,18
0,9,188,39,152
0,5,2,43,61
0,50,157,9,198
0,61,13,1,115
0,56,130,9,188
0,41,145,28,167
0,11,192,45,168
0,50,157,9,122
0,1,80,33,86
0,35,149,1,196
0,18,68,9,122
0,46,110,33,86
0,35,71,1,111
0,2,98,2,161
0,22,3,54,177
0,9,188,9,32
0,7,16,7,16
0,33,29,61,195
0,43,61,31,21
0,39,199,16,66
0,9,198,9,198
0,46,179,32,187
0,35,71,1,48
0,1,196,5,50
0,58,125,48,183
0,44,18,32,170
0,5,50,5,50
0,16,159,44,141
0,44,141,56,17
0,1,196,33,86
0,50,157,9,116
0,61,150,33,86
0,1,196,1,111
0,9,10,39,106
0,11,192,60,67
0,56,17,2,161
0,25,65,25,133
0,14,42,60,135
0,9,198,61,150
0,44,114,9,32
0,61,150,33,86
0,50,157,9,122
0,35,147,18,24
0,1,196,1,115
0,33,117,44,114
0,1,196,46,20
0,54,39,50,79
0,16,66,44,18
0,50,157,50,157
0,9,188,2,161
0,5,178,5,107
0,1,196,31,176
0,1,115,1,115
0,37,163,43,61
0,33,29,46,110
0,43,61,32,92
0,49,72,49,72
0,1,181,31,21
0,2,161,9,188
0,50,191,14,42
0,9,198,48,83
0,9,32,39,45
0,39,199,1,196
0,35,147,35,147
0,5,2,15,185
0,22,3,50,191
0,39,106,25,65
0,5,88,46,96
0,50,157,18,151
0,39,0,9,198
0,58,51,2,98
0,35,27,35,71
0,29,7,49,72
0,5,107,32,187
0,44,114,46,96
0,34,52,28,167
0,61,13,35,149
0,44,18,44,141
0,39,152,35,149
0,1,196,61,150
0,43,61,40,28
0,36,172,23,41
0,9,10,18,165
0,31,169,32,187
0,48,83,44,114
0,16,66,33,164
0,48,36,56,31
0,1,196,31,169
0,1,111,61,74
0,33,29,44,18
0,25,9,9,116
0,56,144,44,128
0,35,123,35,147
0,50,126,50,99
0,15,53,5,2
0,1,48,35,149
0,16,66,16,159
0,34,52,34,87
0,50,157,18,165
0,18,101,35,147
0,44,128,39,106
0,25,133,50,157
0,1,115,1,115
0,43,64,43,61
0,5,107,31,21
0,2,98,21,102
0,35,27,35,147
0,1,181,46,34
0,44,141,33,164
0,39,75,16,66
0,5,50,15,138
0,50,191,50,157
0,44,114,56,130
0,57,11,47,175
0,61,134,18,24
0,12,12,12,120
0,9,122,39,199
0,33,29,33,86
0,1,48,5,50
0,1,115,35,193
0,9,122,44,141
0,33,86,39,0
0,31,176,1,115
0,18,101,35,193
0,31,176,31,95
0,50,191,50,99
0,11,192,11,54
0,56,144,16,66
0,41,145,28,167
0,33,164,44,18
0,54,15,22,3
0,31,21,5,88
0,39,106,18,24
0,31,176,61,150
0,1,196,35,123
0,58,51,2,98
0,33,117,44,128
0,50,99,22,58
0,28,167,28,167
0,44,114,33,29
0,1,196,1,111
0,11,54,8,153
0,9,188,44,18
0,9,188,2,98
0,35,71,1,196
0,46,20,32,92
0,35,149,1,115
0,39,45,39,199
0,9,198,18,165
0,25,133,22,162
0,61,134,1,115
0,47,43,50,126
0,18,68,39,137
0,44,114,16,5
0,35,147,18,151
0,1,115,46,34
0,61,134,61,195
0,16,5,56,144
0,20,76,0,93
0,54,177,50,99
0,52,30,38,104
0,18,24,35,147
0,1,115,1,196
0,52,30,47,69
0,16,159,46,179
0,23,41,56,31
0,25,65,48,132
0,39,199,48,183
0,48,36,24,127
0,23,41,37,108
0,44,141,56,31
0,27,109,27,186
0,44,141,37,108
0,46,96,46,34
0,61,13,18,91
0,54,131,50,126
0,9,198,9,188
0,39,0,61,150
0,44,18,9,188
0,32,170,46,110
0,7,16,7,16
0,18,68,9,198
0,39,137,44,114
0,41,44,34,52
0,1,196,1,111
0,1,196,61,195
0,59,197,10,180
0,29,156,13,49
0,18,101,50,126
0,35,193,61,134
0,1,181,1,181
0,44,18,18,24
0,1,196,1,115
0,46,34,32,92
0,32,187,12,120
0,50,157,48,83
0,39,199,9,32
0,61,13,39,106
0,5,50,31,95
0,39,106,18,165
0,2,161,9,188
0,25,97,50,191
0,39,106,39,152
0,34,87,31,95
0,48,183,48,183
0,2,98,48,36
0,1,80,1,115
0,1,196,1,111
0,37,62,16,5
0,35,123,35,71
0,16,5,16,159
0,59,197,59,197
0,18,165,9,116
0,28,78,28,78
0,46,110,39,45
0,28,167,5,2
0,1,80,33,29
0,9,188,9,32
0,18,165,18,101
0,44,18,39,75
0,1,196,1,115
0,47,175,0,155
0,56,144,44,114
0,16,159,43,23
0,54,177,18,101
0,10,6,10,136
0,2,161,9,188
0,50,191,25,133
0,37,108,53,60
0,9,10,50,99
0,46,20,1,181
0,34,52,4,142
0,58,51,21,102
0,9,122,50,157
0,50,157,50,79
0,47,43,50,79
0,5,107,1,196
0,16,159,33,117
0,50,99,18,165
0,1,181,33,86
0,1,196,1,115
0,37,62,43,23
0,33,86,33,86
0,48,132,58,125
0,61,13,35,149
0,16,159,16,5
0,16,5,56,31
0,60,67,58,51
0,44,141,2,98
0,34,52,10,63
0,60,135,60,135
0,46,179,40,28
0,39,75,61,195
0,61,13,61,74
0,9,188,2,98
0,2,161,44,128
0,39,199,9,122
0,1,196,1,115
0,44,141,44,128
0,5,88,43,61
0,11,192,48,83
0,37,163,37,62
0,34,52,15,138
0,61,150,32,92
0,56,130,21,102
0,32,187,46,179
0,50,191,25,97
0,22,58,54,177
0,20,158,20,158
0,56,130,44,114
0,54,131,54,177
0,12,12,26,171
0,56,130,56,144
0,32,187,46,179
0,61,74,56,31
0,16,159,37,163
0,27,186,20,73
0,53,60,36,172
0,1,115,32,170
0,44,128,37,108
0,18,101,54,131
0,39,75,46,96
0,9,122,50,157
0,1,115,1,111
0,31,95,31,176
0,12,12,42,189
0,5,50,42,189
0,39,199,9,32
0,5,88,5,88
0,62,77,62,146
0,58,125,2,98
0,60,67,11,192
0,6,129,38,104
0,2,98,48,132
0,20,76,20,76
0,16,5,33,29
0,32,187,46,96
0,39,45,39,45
0,46,179,43,23
0,61,134,9,116
0,39,152,60,67
0,25,9,25,9
0,9,10,18,24
0,9,122,25,9
0,15,53,34,52
0,32,8,32,170
0,15,138,34,52
0,56,17,44,128
0,1,111,31,21
0,1,196,35,149
0,33,117,1,115
0,39,152,33,164
0,50,157,39,45
0,9,198,9,32
0,18,68,61,150
0,50,99,61,150
0,61,13,1,196
0,43,23,33,117
0,39,199,18,165
0,1,196,15,185
0,35,27,18,101
0,33,164,61,134
0,1,196,1,196
0,16,5,33,29
0,62,77,37,163
0,44,128,33,164
0,2,98,21,102
0,1,196,1,111
0,31,176,46,20
0,39,199,61,13
0,15,140,41,44
0,1,181,39,75
0,5,2,15,53
0,32,92,33,86
0,37,108,16,5
0,20,76,20,76
0,33,164,9,32
0,18,151,50,99
0,48,132,9,122
0,11,54,11,54
0,48,132,9,122
0,20,73,20,73
0,35,147,1,111
0,54,15,18,101
0,25,97,50,157
0,56,144,56,31
0,35,71,35,27
0,31,176,16,66
0,32,187,5,88
0,32,92,12,120
0,35,147,35,147
0,4,142,4,142
0,0,155,0,93
0,18,91,39,199
0,45,168,11,192
0,1,111,31,21
0,38,104,38,104
0,32,170,46,179
0,11,82,60,67
0,50,79,25,133
0,1,111,39,137
0,56,130,44,18
0,35,123,1,48
0,41,89,5,2
0,44,18,9,188
0,1,115,1,196
0,32,8,32,8
0,18,24,18,24
0,35,147,35,123
0,33,164,39,152
0,21,102,51,90
0,35,71,18,68
0,1,181,39,152
0,9,122,9,198
0,39,45,39,0
0,21,102,2,98
0,61,74,1,196
0,37,108,33,29
0,40,28,40,124
0,1,115,39,152
0,7,16,7,16
0,50,191,22,58
0,31,176,15,185
0,61,134,61,150
0,60,135,11,192
0,56,144,56,144
0,49,72,13,49
0,9,116,50,99
0,33,164,2,98
0,56,130,39,75
0,57,84,57,11
0,35,149,35,193
0,17,184,38,160
0,52,154,6,47
0,1,196,56,17
0,5,88,46,96
0,29,156,13,49
0,35,193,1,115
0,6,47,6,129
0,9,122,9,32
0,31,169,31,21
0,39,45,39,0
0,44,128,44,128
0,61,74,39,75
0,34,52,28,26
0,44,18,39,45
0,18,24,18,24
0,56,17,44,141
0,48,132,9,32
0,46,34,46,110
0,54,39,50,126
0,56,144,16,66
0,31,95,5,178
0,9,116,18,151
0,31,21,32,92
0,15,185,15,140
0,18,91,18,68
0,39,152,18,24
0,11,192,11,4
0,9,122,50,157
0,2,161,44,114
0,43,61,37,163
0,50,191,25,65
0,1,115,31,95
0,15,185,41,44
0,20,73,54,39
0,39,199,33,164
0,20,158,20,73
0,43,23,16,66
0,12,120,12,173
0,56,17,2,98
0,9,32,56,130
0,44,128,39,45
0,61,13,31,169
0,39,199,50,157
0,35,71,35,193
0,48,183,39,199
0,1,196,35,149
0,32,170,1,196
0,18,101,22,58
0,48,83,58,51
0,5,88,31,21
0,8,194,8,153
0,1,196,61,150
0,1,181,46,96
0,12,120,12,173
0,20,76,47,175
0,9,188,33,164
0,33,117,16,159
0,9,32,50,191
0,50,99,39,106
0,31,176,32,170
0,44,141,44,128
0,16,5,16,159
0,36,172,29,156
0,50,157,50,79
0,35,149,35,149
0,50,157,50,99
0,34,87,15,140
0,32,92,32,8
0,39,45,39,199
0,1,181,31,176
0,18,68,61,74
0,33,164,33,86
0,50,157,9,10
0,21,102,60,112
0,35,193,18,68
0,1,111,1,196
0,1,196,35,193
0,37,163,16,5
0,1,196,35,193
0,33,117,39,45
0,61,13,18,165
0,9,116,50,157
0,45,168,11,192
0,57,11,20,158
0,48,83,25,65
0,25,97,50,99
0,25,65,24,127
0,28,167,15,53
0,27,186,20,73
0,61,150,61,13
0,15,138,5,2
0,46,179,46,179
0,35,147,35,147
0,2,98,25,9
0,9,10,50,99
0,1,111,1,48
0,56,31,37,108
0,35,71,1,196
0,43,23,37,108
0,22,3,54,39
0,9,188,44,128
0,31,21,5,50
0,31,169,1,196
0,31,176,31,176
0,44,114,56,144
0,37,108,37,62
0,39,45,50,157
0,9,188,1,196
0,39,0,61,150
0,1,196,31,21
0,1,181,44,141
0,39,152,16,66
0,56,130,56,17
0,18,151,1,115
0,50,157,50,79
0,50,99,50,157
0,50,99,25,97
0,41,89,5,2
0,58,125,9,32
0,18,151,50,157
0,61,195,1,196
0,39,0,9,32
0,14,42,25,65
0,9,122,50,157
0,50,157,18,101
0,25,65,48,83
0,1,115,1,196
0,61,195,39,75
0,9,116,18,68
0,9,188,61,13
0,48,183,9,122
0,54,15,54,39
0,28,78,28,167
0,61,13,35,193
0,46,20,1,181
0,14,118,25,133
0,31,176,1,196
0,5,88,1,196
0,61,13,61,134
0,50,126,22,58
0,9,122,9,116
0,10,63,10,136
0,1,111,33,164
0,39,106,39,106
0,18,24,50,99
0,1,80,46,96
0,44,114,9,188
0,22,162,22,58
0,18,68,39,75
0,31,176,5,178
0,50,191,25,9
0,33,164,39,0
0,54,131,50,126
0,31,169,32,170
0,1,196,61,13
0,31,21,61,13
0,32,170,18,68
0,14,42,25,65
0,25,133,25,133
0,32,187,15,185
0,48,183,48,132
0,9,188,39,106
0,12,120,12,12
0,1,196,33,29
0,35,149,1,196
0,2,161,48,132
0,48,132,39,137
0,1,115,31,21
0,0,155,52,30
0,39,137,39,106
0,9,122,18,165
0,24,127,60,135
0,44,141,1,196
0,25,97,25,9
0,35,193,1,80
0,32,92,40,124
0,56,144,44,18
0,5,2,15,53
0,0,93,54,39
0,50,79,9,116
0,54,15,39,137
0,33,117,33,164
0,25,9,39,199
0,1,196,35,149
0,56,130,21,102
0,56,144,16,5
0,25,133,25,9
0,56,130,2,98
0,11,82,48,83
0,18,165,50,99
0,31,169,5,50
0,25,133,50,79
0,60,112,45,168
0,48,183,45,168
0,12,173,12,120
0,2,98,2,98
0,22,162,25,133
0,57,84,6,129
0,48,183,39,199
0,56,17,56,144
0,61,195,1,111
0,61,74,31,169
0,5,107,1,196
0,1,80,15,185
0,18,165,35,147
0,44,114,2,161
0,1,196,61,74
0,18,24,35,71
0,39,75,1,181
0,32,170,1,196
0,9,116,48,132
0,25,65,22,3
0,39,152,9,122
0,58,51,60,135
0,25,97,22,58
0,32,187,16,159
0,1,115,1,196
0,60,112,60,67
0,11,192,45,168
0,32,170,40,28
0,37,163,43,23
0,39,45,61,150
0,33,86,39,152
0,16,159,46,96
0,2,98,48,36
0,31,176,1,196
0,18,151,39,199
0,18,91,61,74
0,18,151,18,151
0,1,48,61,195
0,44,18,16,66
0,60,135,45,168
0,1,80,5,107
0,33,117,43,23
0,61,134,35,149
0,61,74,61,195
0,8,194,11,54
0,37,62,37,163
0,31,169,31,169
0,56,144,44,128
0,34,52,34,52
0,56,31,56,130
0,39,106,18,68
0,37,108,23,41
0,14,118,9,122
0,44,114,44,18
0,22,58,50,126
0,31,95,31,21
0,47,43,50,191
0,9,10,50,157
0,35,149,35,193
0,41,44,34,52
0,15,53,31,95
0,20,158,20,14
0,56,130,2,98
0,61,13,1,111
0,39,106,9,122
0,31,176,1,196
0,35,149,35,149
0,46,20,31,21
0,50,79,50,99
0,45,168,11,82
0,9,188,9,188
0,48,132,48,36
0,39,45,44,114
0,45,168,11,192
0,33,117,1,196
0,9,122,18,68
0,61,195,9,188
0,1,111,1,196
0,42,189,42,189
0,1,196,35,149
0,40,28,5,50
0,1,115,35,123
0,61,13,18,151
0,3,37,49,72
0,39,137,39,199
0,56,31,56,144
0,40,28,43,61
0,40,38,46,179
0,46,179,43,61
0,35,149,35,193
0,61,74,61,13
0,25,9,2,98
0,25,97,54,39
0,39,106,61,13
0,35,193,18,151
0,1,196,35,71
0,48,183,9,32
0,45,168,60,135
0,39,106,39,45
0,9,10,39,152
0,39,199,39,152
0,56,130,16,5
0,33,164,33,29
0,56,31,44,141
0,35,147,35,71
0,33,117,37,108
0,37,62,56,17
0,43,61,43,61
0,9,188,44,128
0,5,50,5,50
0,39,199,50,126
0,60,135,11,54
0,56,144,23,41
0,40,28,32,8
0,18,101,18,24
0,20,73,20,14
0,18,91,18,91
0,5,2,32,170
0,18,68,18,91
0,31,95,10,6
0,20,158,20,73
0,1,115,46,110
0,60,135,48,83
0,39,0,61,74
0,1,48,1,196
0,15,53,28,167
0,48,183,25,133
0,9,198,48,132
0,60,67,11,192
0,9,116,9,198
0,47,175,20,73
0,44,141,44,141
0,39,106,35,193
0,56,31,44,128
0,22,162,50,99
0,61,150,33,164
0,33,117,61,150
0,11,192,60,112
0,48,36,9,188
0,39,45,44,114
0,39,75,56,17
0,11,192,11,143
0,56,17,2,161
0,5,88,1,181
0,43,61,46,179
0,1,48,1,48
0,31,21,35,149
0,44,128,44,141
0,61,195,61,195
0,35,123,35,193
0,5,107,5,107
0,5,50,43,61
0,1,115,35,193
0,50,99,54,177
0,43,61,40,124
0,39,152,33,29
0,34,100,34,87
0,6,47,52,154
0,56,144,2,161
0,11,143,25,133
0,18,101,22,3
0,16,5,33,164
0,28,167,5,121
0,24,127,48,132
0,9,198,39,0
0,18,24,50,191
0,35,193,46,34
0,50,157,50,157
0,1,196,61,150
0,46,20,33,164
0,48,132,48,183
0,23,41,37,163
0,35,71,35,27
0,37,163,40,124
0,15,53,15,185
0,18,101,18,68
0,35,123,18,91
0,46,20,46,20
0,46,34,46,34
0,15,185,15,140
0,36,172,21,102
0,33,164,44,128
0,31,176,1,196
0,56,130,56,31
0,48,36,25,9
0,1,111,35,71
0,11,192,11,192
0,1,115,35,149
0,39,75,56,17
0,31,21,61,134
0,46,20,46,96
0,1,111,35,71
0,1,196,46,96
0,35,71,1,115
0,11,192,48,132
0,1,196,61,195
0,33,29,33,164
0,11,143,11,192
0,34,87,15,138
0,44,114,9,32
0,39,0,1,196
0,50,126,50,79
0,35,71,1,196
0,1,115,35,71
0,9,198,44,141
0,33,164,33,117
0,50,99,50,99
0,31,176,31,176
0,61,13,1,115
0,56,31,56,31
0,20,76,20,158
0,34,87,15,53
0,33,164,33,29
0,5,107,5,88
0,12,120,12,12
0,16,66,61,150
0,15,140,5,50
0,39,75,44,18
0,15,185,5,50
0,25,133,48,83
0,20,158,20,76
0,45,168,45,168
0,35,149,54,177
0,9,188,44,141
0,43,61,46,179
0,47,43,25,65
0,50,126,25,97
0,1,196,39,75
0,35,71,1,111
0,9,188,48,132
0,33,117,16,5
0,35,71,35,27
0,0,93,22,162
0,9,32,48,83
0,1,80,5,50
0,46,110,32,170
0,44,18,39,75
0,35,147,35,147
0,14,118,25,133
0,37,108,16,66
0,1,196,39,0
0,37,108,37,62
0,18,91,61,74
0,23,41,56,17
0,37,108,62,146
0,5,178,5,107
0,45,168,45,168
0,39,106,50,99
0,50,99,25,9
0,12,120,12,139
0,20,73,17,184
0,1,196,1,196
0,25,65,48,83
0,25,65,14,42
0,35,123,35,193
0,33,117,32,8
0,39,199,9,188
0,61,134,35,149
0,16,159,16,5
0,15,140,5,2
0,44,141,56,130
0,44,128,44,141
0,46,96,46,96
0,1,48,1,111
0,39,152,9,32
0,16,66,26,171
0,32,92,5,107
0,33,164,39,75
0,39,75,61,150
0,48,183,50,157
0,61,134,35,123
0,56,130,39,152
0,17,184,57,11
0,16,159,33,164
0,54,39,22,58
0,45,168,60,135
0,61,74,35,149
0,60,67,63,59
0,44,114,39,45
0,25,65,24,148
0,5,50,1,196
0,62,77,12,120
0,43,23,37,163
0,34,100,41,145
0,14,118,25,133
0,2,161,39,152
0,56,31,56,31
0,37,163,32,92
0,35,149,35,123
0,5,2,32,92
0,45,168,11,192
0,48,183,9,198
0,39,152,44,18
0,41,44,28,167
0,32,8,40,28
0,61,195,39,75
0,1,48,1,196
0,35,149,1,196
0,15,185,5,88
0,48,83,48,183
0,37,163,29,7
0,44,18,44,18
0,37,163,16,66
0,1,80,61,74
0,16,66,16,5
0,28,78,28,26
0,44,141,56,130
0,18,24,9,122
0,56,31,56,130
0,54,39,54,177
0,45,168,45,168
0,6,174,20,158
0,35,147,22,162
0,39,45,9,198
0,50,191,47,43
0,50,191,47,43
0,11,54,11,54
0,46,110,33,29
0,5,2,5,2
0,35,71,35,193
0,32,92,40,28
0,35,149,1,196
0,5,2,40,38
0,1,181,40,28
0,56,144,2,161
0,5,88,32,170
0,61,134,61,74
0,43,61,43,23
0,15,53,28,167
0,18,101,22,162
0,5,121,43,64
0,50,191,9,116
0,57,84,20,73
0,61,134,18,165
0,1,196,35,193
0,1,115,31,176
0,1,115,46,96
0,31,21,1,196
0,1,111,1,196
0,44,128,37,163
0,18,91,35,147
0,37,163,56,31
0,50,126,54,39
0,35,27,35,193
0,39,45,39,45
0,33,164,56,17
0,9,122,50,79
0,27,109,20,14
0,35,147,35,149
0,56,130,56,144
0,33,29,43,61
0,60,135,45,168
0,61,195,31,21
0,9,122,18,165
0,56,144,44,128
0,1,48,1,196
0,11,54,11,54
0,39,199,16,66
0,7,16,49,72
0,32,170,46,96
0,48,83,2,98
0,1,196,50,99
0,48,183,25,65
0,35,71,35,193
0,21,102,36,172
0,11,192,11,54
0,1,196,32,8
0,2,161,48,132
0,35,27,35,149
0,32,170,46,110
0,46,20,16,159
0,1,80,31,169
0,35,193,18,101
0,1,196,35,71
0,35,193,1,196
0,1,196,1,115
0,18,151,18,101
0,25,9,50,79
0,46,110,56,17
0,34,52,4,25
0,18,24,18,91
0,15,140,34,87
0,35,27,35,71
0,48,83,24,127
0,9,116,9,116
0,31,176,61,134
0,48,36,21,102
0,5,50,5,2
0,33,117,33,86
0,5,88,46,179
0,15,138,28,167
0,9,188,2,98
0,33,29,56,31
0,31,95,31,95
0,15,185,31,95
0,18,165,18,101
0,48,36,9,32
0,39,45,56,31
0,50,99,18,151
0,25,65,25,133
0,35,149,1,196
0,44,114,44,18
0,46,179,46,96
0,1,196,1,111
0,56,17,56,130
0,18,91,35,149
0,35,147,1,196
0,37,163,56,144
0,39,199,44,114
0,45,168,60,67
0,39,75,61,195
0,44,18,44,18
0,28,167,28,78
0,46,34,61,195
0,1,48,1,196
0,1,196,35,149
0,0,93,25,133
0,10,136,10,136
0,18,68,35,71
0,33,29,39,199
0,9,188,48,132
0,18,91,39,0
0,16,5,43,23
0,45,168,63,59
0,1,196,43,61
0,3,37,49,72
0,5,178,15,53
0,39,0,44,114
0,10,63,10,6
0,31,176,31,169
0,37,163,16,66
0,39,45,46,110
0,48,132,25,9
0,39,152,39,152
0,62,77,37,62
0,9,122,33,117
0,27,186,20,73
0,33,164,33,164
0,35,123,39,75
0,37,62,33,164
0,32,8,16,159
0,5,88,5,178
0,48,36,9,188
0,35,149,39,0
0,21,102,36,172
0,34,87,34,87
0,0,155,20,14
0,18,91,39,137
0,35,123,35,123
0,1,196,1,196
0,49,72,49,72
0,2,98,16,66
0,18,101,35,147
0,35,147,35,71
0,35,147,50,79
0,1,196,61,134
0,46,110,46,20
0,61,74,1,115
0,1,48,18,151
0,39,45,50,157
0,1,196,31,176
0,54,177,54,131
0,18,68,18,91
0,39,106,35,193
0,39,152,33,29
0,15,140,28,167
0,32,8,31,176
0,44,114,9,116
0,10,63,10,6
0,39,0,39,199
0,44,141,56,130
0,11,54,45,168
0,33,86,16,66
0,5,50,33,29
0,39,152,9,188
0,61,134,35,27
0,1,115,18,68
0,35,147,1,181
0,60,135,11,192
0,39,75,33,86
0,62,146,29,85
0,6,129,57,11
0,60,135,38,104
0,60,67,11,143
0,60,67,45,168
0,35,193,61,13
0,34,87,34,87
0,43,61,37,163
0,54,15,54,39
0,18,24,50,79
0,16,5,16,5
0,44,18,56,31
0,50,126,50,79
0,9,32,9,188
0,61,134,61,13
0,47,43,25,97
0,50,99,50,126
0,61,134,1,196
0,61,13,61,150
0,50,99,18,24
0,2,161,9,188
0,44,18,44,114
0,44,128,44,128
0,61,13,61,13
0,5,50,32,8
0,25,65,25,9
0,61,13,45,168
0,9,32,18,165
0,9,188,18,24
0,33,164,33,29
0,15,140,28,26
0,56,130,56,144
0,40,124,32,92
0,1,196,61,150
0,22,3,50,126
0,1,196,35,147
0,32,92,5,2
0,9,10,9,188
0,56,130,33,164
0,27,94,27,186
0,9,188,9,122
0,21,102,58,51
0,9,32,9,188
0,1,48,31,95
0,5,50,15,53
0,35,149,35,193
0,27,186,17,46
0,1,115,33,164
0,58,51,2,98
0,33,117,9,32
0,29,156,29,156
0,39,0,9,122
0,0,93,54,131
0,1,115,1,48
0,57,11,20,158
0,32,8,32,170
0,18,165,18,24
0,20,14,20,73
0,45,168,45,168
0,34,87,59,56
0,17,46,52,30
0,1,115,1,111
0,1,196,1,80
0,37,108,37,108
0,9,188,33,164
0,46,110,1,80
0,5,2,34,52
0,56,31,16,5
0,1,115,46,96
0,35,71,35,147
0,33,117,33,29
0,16,66,37,62
0,39,0,39,0
0,39,137,9,188
0,33,117,46,96
0,1,196,61,150
0,50,79,50,191
0,54,39,39,0
0,4,142,10,63
0,61,150,61,13
0,42,189,12,120
0,44,114,39,75
0,39,45,35,123
0,61,74,35,123
0,35,123,61,134
0,59,197,30,105
0,5,50,5,88
0,1,111,61,195
0,9,188,9,32
0,52,154,57,11
0,9,32,9,122
0,11,192,6,174
0,1,80,34,87
0,39,199,35,193
0,39,75,39,75
0,9,188,16,5
0,45,168,11,54
0,33,29,16,66
0,18,101,22,58
0,39,106,50,157
0,61,74,52,30
0,33,86,37,163
0,2,98,2,98
0,14,118,48,83
0,1,48,1,196
0,5,50,5,88
0,28,167,34,87
0,18,91,50,99
0,20,158,20,14
0,61,134,35,193
0,56,144,62,146
0,9,32,2,161
0,35,149,35,71
0,34,87,28,167
0,21,102,3,113
0,5,88,46,179
0,39,152,44,141
0,61,74,16,66
0,18,24,39,45
0,46,179,5,88
0,1,48,33,117
0,11,54,11,143
0,5,107,15,53
0,50,126,22,3
0,50,126,54,177
0,18,101,50,126
0,35,71,35,193
0,39,152,9,122
0,35,149,35,71
0,22,3,54,39
0,31,176,31,95
0,9,32,9,198
0,61,195,9,122
0,11,54,24,148
0,16,5,44,141
0,34,87,31,21
0,12,12,5,107
0,39,137,1,196
0,61,74,1,115
0,46,96,46,34
0,18,24,9,122
0,18,68,39,199
0,15,185,5,50
0,50,79,50,126
0,1,111,1,196
0,1,196,1,196
0,6,47,52,154
0,12,120,12,120
0,18,24,35,147
0,15,140,5,2
0,33,164,39,137
0,18,151,35,149
0,22,58,25,133
0,44,18,48,83
0,44,114,39,137
0,35,147,35,193
0,44,18,39,45
0,25,9,25,9
0,33,29,16,5
0,18,165,18,165
0,56,144,58,125
0,16,5,44,141
0,31,95,5,107
0,37,163,39,0
0,5,50,5,2
0,44,128,9,32
0,25,9,14,118
0,18,91,18,91
0,15,185,32,187
0,12,12,12,173
0,61,150,61,150
0,44,141,33,29
0,31,176,1,181
0,44,114,39,45
0,1,196,35,71
0,39,106,35,123
0,48,132,9,122
0,15,140,31,176
0,32,170,46,96
0,5,50,31,21
0,11,54,11,192
0,48,83,50,79
0,37,163,26,103
0,28,167,41,145
0,43,61,1,196
0,46,96,5,107
0,5,178,5,178
0,35,147,35,193
0,61,74,1,196
0,46,96,1,111
0,9,122,50,99
0,35,71,35,71
0,9,116,9,198
0,33,164,33,117
0,9,116,48,36
0,50,126,25,133
0,9,188,48,132
0,9,122,25,9
0,16,66,37,108
0,9,32,11,192
0,39,199,9,198
0,12,120,26,171
0,43,61,40,28
0,46,179,1,181
0,31,176,1,196
0,18,68,18,101
0,57,84,25,65
0,54,15,18,151
0,61,195,1,196
0,33,29,33,164
0,2,98,21,102
0,10,63,10,63
0,1,111,0,155
0,46,96,5,88
0,11,143,60,67
0,10,63,10,136
0,15,53,15,53
0,5,2,15,140
0,18,68,18,24
0,33,164,44,141
0,9,10,18,165
0,25,133,14,70
0,9,188,44,114
0,17,46,20,158
0,32,92,46,110
0,46,110,31,21
0,48,83,48,183
0,1,196,35,149
0,56,130,23,41
0,34,87,1,196
0,48,132,44,18
0,35,27,18,101
0,16,159,37,108
0,48,132,24,127
0,39,45,9,10
0,1,196,5,50
0,28,167,28,167
0,39,152,18,68
0,5,2,32,170
0,43,64,43,23
0,31,169,35,193
0,11,54,11,192
0,45,168,11,192
0,16,5,32,92
0,18,68,39,137
0,1,196,1,181
0,56,31,56,130
0,56,144,23,41
0,1,115,61,74
0,35,193,35,71
0,46,20,43,61
0,18,68,9,198
0,20,158,20,73
0,20,73,27,109
0,18,101,50,126
0,15,185,46,20
0,1,80,61,13
0,44,141,16,159
0,35,149,61,13
0,43,61,32,170
0,46,96,46,110
0,56,31,56,130
0,54,131,54,177
0,2,161,39,45
0,9,198,48,83
0,39,199,9,32
0,14,118,25,133
0,44,128,23,41
0,15,185,5,2
0,39,45,39,0
0,40,28,5,50
0,18,101,22,3
0,33,86,32,92
0,1,196,1,111
0,33,164,16,159
0,61,13,1,196
0,61,13,61,134
0,9,122,9,116
0,3,37,63,59
0,61,134,18,24
0,46,110,46,96
0,16,159,16,5
0,50,99,22,3
0,20,76,27,109
0,16,5,16,5
0,20,76,0,155
0,37,62,43,61
0,9,188,44,114
0,18,101,54,177
0,9,198,9,32
0,33,29,56,31
0,39,75,33,29
0,43,61,16,5
0,45,168,11,54
0,16,5,56,17
0,21,102,56,130
0,31,95,1,115
0,5,2,1,181
0,10,136,10,136
0,47,43,25,133
0,35,149,1,196
0,20,158,0,155
0,1,196,1,181
0,56,130,44,114
0,1,48,1,196
0,2,161,44,114
0,0,93,47,175
0,28,167,5,178
0,1,196,35,149
0,39,0,1,115
0,31,21,33,86
0,60,67,11,54
0,31,21,1,181
0,22,162,22,3
0,1,80,61,74
0,54,131,20,158
0,47,175,0,93
0,23,41,53,60
0,1,115,18,151
0,15,53,15,53
0,5,178,1,196
0,35,27,54,15
0,41,44,15,185
0,61,150,61,195
0,35,149,61,13
0,31,176,1,196
0,16,159,43,23
0,39,199,1,80
0,46,20,46,110
0,16,66,39,75
0,31,21,1,111
0,16,159,39,75
0,32,170,1,196
0,18,165,50,99
0,46,179,1,181
0,63,59,60,67
0,56,130,44,114
0,39,199,50,99
0,16,5,33,29
0,48,83,2,161
0,39,45,39,152
0,61,150,61,74
0,15,140,5,50
0,39,75,16,66
0,35,123,35,149
0,18,151,18,91
0,37,163,37,108
0,11,192,21,102
0,50,126,18,151
0,35,149,1,115
0,12,12,12,120
0,58,51,56,130
0,50,126,22,58
0,35,147,35,149
0,18,68,39,152
0,16,5,37,163
0,35,149,1,48
0,34,52,15,138
0,18,68,48,132
0,34,87,34,52
0,1,48,1,115
0,61,195,1,80
0,46,96,5,107
0,33,164,33,86
0,9,198,44,18
0,50,126,50,99
0,5,88,33,29
0,1,196,35,71
0,18,91,35,27
0,56,130,23,41
0,61,74,39,152
0,61,150,18,101
0,20,73,0,155
0,44,18,39,75
0,32,187,5,121
0,1,181,31,176
0,32,8,32,187
0,18,101,50,79
0,40,28,40,124
0,56,144,44,141
0,54,131,54,131
0,39,0,33,117
0,61,150,33,164
0,28,167,15,140
0,11,192,45,168
0,5,88,32,92
0,33,117,44,18
0,33,29,35,27
0,18,101,50,99
0,5,88,46,179
0,35,149,35,71
0,57,84,57,11
0,9,32,48,132
0,39,137,39,199
0,1,196,1,115
0,33,86,46,110
0,1,196,1,48
0,39,106,39,137
0,42,189,12,120
0,9,32,48,183
0,33,29,16,5
0,46,34,31,21
0,11,54,60,135
0,33,29,33,86
0,49,72,49,72
0,1,115,1,115
0,54,177,54,39
0,35,149,61,13
0,1,115,2,161
0,44,141,56,144
0,50,157,44,18
0,55,119,13,49
0,56,130,33,164
0,25,65,48,183
0,35,27,50,99
0,60,135,60,22
0,56,144,16,159
0,12,120,12,12
0,5,88,40,28
0,50,79,50,79
0,32,170,1,196
0,2,98,56,144
0,16,5,62,146
0,9,32,39,152
0,43,23,37,62
0,32,8,16,66
0,61,150,9,198
0,48,132,2,98
0,1,115,1,48
0,33,86,33,164
0,35,71,35,193
0,9,10,39,137
0,44,128,44,128
0,18,151,50,157
0,9,188,2,98
0,20,73,20,73
0,39,199,33,29
0,6,129,17,46
0,31,169,35,149
0,48,83,48,132
0,1,111,1,196
0,37,62,37,108
0,35,123,35,123
0,35,27,61,13
0,54,177,22,58
0,44,128,16,5
0,46,110,5,88
0,56,130,2,98
0,11,143,48,83
0,7,16,29,7
0,9,122,9,32
0,44,128,56,17
0,32,170,32,8
0,1,115,31,169
0,2,161,9,32
0,33,29,33,164
0,5,2,15,53
0,15,140,15,53
0,35,27,50,126
0,18,24,35,147
0,1,48,35,193
0,44,141,2,98
0,15,185,5,50
0,1,48,35,27
0,44,114,35,149
0,43,23,16,66
0,45,168,8,194
0,1,196,35,149
0,11,54,11,54
0,61,13,1,48
0,35,123,61,74
0,1,196,1,115
0,35,149,1,196
0,33,29,33,164
0,37,108,16,5
0,56,130,33,164
0,5,88,5,107
0,9,198,9,188
0,16,5,33,29
0,54,131,54,39
0,11,192,11,143
0,56,17,44,141
0,46,179,33,117
0,45,168,11,143
0,27,186,47,175
0,18,68,39,0
0,2,98,39,199
0,54,39,22,58
0,32,170,43,23
0,37,108,37,62
0,18,165,18,165
0,61,134,61,74
0,34,87,5,2
0,37,108,33,29
0,50,157,25,65
0,31,176,46,96
0,46,34,39,75
0,1,196,61,74
0,43,61,32,187
0,35,123,35,149
0,9,198,25,9
0,43,61,43,23
0,18,24,18,24
0,18,24,39,199
0,39,75,39,137
0,16,5,37,108
0,12,12,62,77
0,46,179,43,23
0,40,28,46,179
0,9,116,25,133
0,41,44,15,140
0,18,151,35,147
0,5,107,5,50
0,31,169,31,169
0,21,102,21,102
0,54,15,22,162
0,46,96,31,176
0,54,39,18,101
0,52,154,6,174
0,46,179,46,34
0,3,37,3,37
0,31,176,1,115
0,63,59,3,37
0,54,131,54,177
0,22,58,18,101
0,10,6,59,197
0,33,164,33,29
0,35,123,39,0
0,61,74,61,74
0,5,50,5,50
0,61,150,39,75
0,49,72,29,7
0,61,74,1,115
0,61,134,61,74
0,44,18,44,141
0,61,74,1,80
0,18,91,18,101
0,39,199,48,83
0,20,76,47,175
0,61,134,39,199
0,5,178,28,167
0,20,76,47,69
0,44,114,44,114
0,12,120,40,38
0,20,76,20,158
0,5,50,41,44
0,1,48,31,169
0,33,117,44,128
0,1,80,35,193
0,34,52,15,140
0,17,184,57,84
0,22,58,47,43
0,46,179,32,8
0,5,50,40,124
0,32,8,5,178
0,29,156,37,62
0,40,124,46,110
0,28,26,15,53
0,0,155,52,30
0,35,123,35,27
0,61,195,61,134
0,35,71,35,149
0,5,107,46,20
0,35,149,35,193
0,44,128,33,164
0,18,101,46,34
0,5,178,32,187
0,35,123,35,71
0,1,196,1,48
0,20,14,61,13
0,39,199,39,199
0,22,3,50,126
0,18,101,39,106
0,39,106,35,27
0,44,141,33,164
0,40,28,40,124
0,35,71,1,48
0,33,164,44,128
0,39,152,1,196
0,50,126,50,126
0,10,6,30,105
0,39,106,35,71
0,5,2,28,167
0,18,165,54,39
0,50,126,54,131
0,38,104,14,118
0,44,114,56,17
0,25,65,47,43
0,18,24,35,27
0,23,41,49,72
0,48,132,44,18
0,9,188,61,150
0,61,134,61,134
0,29,7,13,49
0,5,2,5,2
0,1,196,35,123
0,1,111,1,48
0,8,194,45,168
0,43,61,43,61
0,44,114,9,188
0,9,116,25,9
0,31,95,46,96
0,18,24,61,134
0,46,179,61,150
0,25,9,11,54
0,0,93,54,131
0,61,150,46,20
0,39,45,18,68
0,1,196,32,8
0,44,128,48,36
0,16,5,23,41
0,5,50,15,140
0,9,122,61,74
0,37,108,37,108
0,16,5,56,31
0,15,138,10,63
0,44,18,44,128
0,7,16,37,62
0,35,123,1,115
0,15,185,5,2
0,22,3,0,155
0,33,164,39,199
0,39,75,39,0
0,31,169,34,87
0,37,163,33,29
0,39,75,39,152
0,35,193,18,165
0,38,160,52,30
0,39,106,61,150
0,56,144,39,75
0,50,99,50,157
0,2,161,2,161
0,18,68,31,21
0,0,93,54,39
0,37,163,29,7
0,1,111,61,134
0,25,9,25,133
0,2,161,2,161
0,20,73,20,14
0,60,67,60,135
0,33,86,33,29
0,12,173,12,120
0,15,185,31,21
0,33,164,35,71
0,39,45,9,188
0,44,128,37,163
0,48,132,50,157
0,1,80,61,195
0,32,92,5,107
0,61,13,1,115
0,31,95,35,149
0,54,39,22,3
0,25,97,0,93
0,5,2,15,53
0,39,45,50,157
0,35,147,1,196
0,18,91,35,149
0,1,196,31,21
0,5,50,5,107
0,1,111,61,13
0,35,147,35,193
0,18,101,18,165
0,35,149,35,149
0,31,95,5,178
0,61,74,61,150
0,25,9,39,199
0,9,32,50,99
0,5,2,40,28
0,33,86,33,117
0,18,24,54,15
0,33,164,44,18
0,48,83,9,116
0,54,15,18,101
0,46,34,16,66
0,35,147,35,193
0,20,73,20,73
0,50,79,22,58
0,18,101,61,134
0,39,199,33,164
0,12,120,43,61
0,18,91,35,193
0,2,161,48,36
0,18,165,18,91
0,23,41,56,17
0,61,13,61,74
0,50,191,18,151
0,34,52,15,185
0,16,5,16,5
0,5,50,5,50
0,56,17,56,31
0,1,196,1,115
0,37,62,37,163
0,46,96,1,181
0,31,176,46,179
0,3,113,3,37
0,29,7,29,156
0,22,58,54,177
0,56,130,56,130
0,61,13,1,115
0,1,115,35,193
0,52,30,52,30
0,9,10,35,147
0,15,185,31,176
0,1,48,31,21
0,35,147,9,10
0,2,161,2,98
0,9,122,11,192
0,61,150,33,29
0,46,110,46,110
0,1,181,39,0
0,1,115,18,151
0,35,149,35,149
0,37,108,16,5
0,39,199,18,68
0,38,160,6,174
0,1,196,31,21
0,32,170,1,196
0,5,2,5,50
0,18,24,35,123
0,37,108,16,5
0,50,191,46,34
0,9,188,50,99
0,39,0,9,122
0,6,174,6,47
0,50,157,48,183
0,9,32,48,132
0,35,71,35,147
0,44,114,16,66
0,37,163,33,117
0,11,192,60,67
0,50,99,18,24
0,5,107,43,61
0,35,193,1,196
0,56,31,56,130
0,31,21,35,149
0,18,68,9,198
0,1,181,35,149
0,23,41,7,16
0,50,99,54,131
0,34,52,28,167
0,9,198,9,122
0,35,27,1,115
0,54,39,18,101
0,9,122,9,10
0,31,95,1,196
0,2,98,2,98
0,1,48,46,34
0,1,115,1,196
0,56,130,48,83
0,34,52,34,52
0,18,165,18,91
0,10,180,4,25
0,11,54,8,194
0,18,101,50,99
0,18,91,35,149
0,12,120,26,171
0,39,45,9,116
0,35,71,20,73
0,37,163,26,171
0,39,152,33,117
0,5,88,1,115
0,31,95,46,96
0,15,53,34,87
0,32,8,1,181
0,5,50,28,167
0,11,54,11,82
0,1,115,1,196
0,12,120,12,139
0,61,195,33,86
0,5,88,28,26
0,9,198,39,45
0,35,27,35,71
0,54,39,54,177
0,43,61,1,80
0,46,96,5,107
0,56,130,56,144
0,1,48,1,115
0,1,48,35,71
0,31,169,31,169
0,44,18,1,196
0,18,24,9,10
0,48,183,48,183
0,50,157,50,191
0,11,192,6,47
0,18,91,1,196
0,5,2,34,52
0,2,161,48,36
0,1,115,5,88
0,16,5,44,128
0,50,157,54,177
0,18,68,39,0
0,50,126,22,3
0,35,149,39,199
0,1,196,35,123
0,35,27,35,149
0,46,179,43,61
0,1,181,1,111
0,33,164,43,23
0,35,71,35,71
0,60,67,11,54
0,1,196,31,169
0,37,108,33,117
0,60,67,60,135
0,56,130,56,31
0,9,122,9,122
0,16,159,43,23
0,56,130,23,41
0,48,83,48,132
0,34,87,15,185
0,54,131,22,3
0,28,78,28,167
0,1,48,35,193
0,1,48,35,123
0,5,50,5,2
0,8,153,45,168
0,46,179,33,117
0,46,96,1,196
0,23,41,56,144
0,33,117,16,66
0,27,94,20,158
0,48,183,48,183
0,5,50,41,44
0,17,184,52,30
0,34,52,10,63
0,39,199,18,165
0,1,115,9,122
0,1,111,1,48
0,9,198,9,122
0,1,196,1,196
0,57,11,47,43
0,46,34,1,196
0,9,198,9,198
0,33,86,1,80
0,45,168,60,135
0,60,135,11,192
0,28,26,31,95
0,5,178,1,115
0,8,57,8,194
0,36,172,36,172
0,1,196,33,164
0,22,3,50,126
0,44,128,56,130
0,1,115,35,193
0,35,193,18,91
0,39,152,61,195
0,33,29,31,176
0,13,49,29,85
0,23,41,56,130
0,44,141,46,96
0,20,14,20,158
0,9,188,2,161
0,44,128,33,164
0,18,165,18,24
0,61,13,61,134
0,32,187,43,64
0,35,147,35,149
0,48,132,44,128
0,35,71,35,123
0,35,149,35,149
0,34,87,5,88
0,56,31,2,98
0,47,175,0,93
0,5,2,15,185
0,39,137,39,75
0,9,116,9,10
0,61,74,20,76
0,18,165,39,106
0,48,132,39,137
0,32,92,37,108
0,46,20,32,187
0,16,66,16,5
0,32,170,1,115
0,34,87,28,167
0,5,107,5,50
0,54,177,0,93
0,48,83,9,122
0,61,150,39,75
0,48,183,58,51
0,38,104,60,135
0,48,132,9,198
0,39,106,48,132
0,18,151,18,165
0,56,130,61,195
0,2,98,56,17
0,31,169,35,71
0,16,66,39,75
0,1,196,1,181
0,1,111,1,196
0,56,144,44,128
0,54,177,54,177
0,31,21,1,181
0,33,164,16,5
0,9,122,48,132
0,44,114,44,18
0,20,73,20,73
0,1,196,1,80
0,37,108,56,31
0,56,130,56,31
0,62,77,62,146
0,32,187,43,61
0,2,98,48,132
0,10,136,15,138
0,56,144,33,117
0,39,137,39,152
0,56,144,56,31
0,18,165,9,116
0,35,193,39,152
0,35,71,35,193
0,1,48,35,149
0,48,36,39,45
0,35,147,35,71
0,44,128,33,164
0,31,176,35,193
0,9,122,9,198
0,0,155,44,18
0,5,178,1,196
0,32,187,46,179
0,9,188,9,198
0,39,0,9,32
0,43,23,16,66
0,15,185,5,178
0,15,185,34,52
0,37,163,16,66
0,22,3,22,58
0,35,149,1,115
0,18,151,35,27
0,39,199,9,32
0,16,5,33,117
0,1,196,61,134
0,39,152,44,141
0,18,165,18,68
0,48,83,9,122
0,33,29,46,20
0,32,8,40,28
0,20,73,20,158
0,25,9,9,122
0,31,169,35,193
0,37,163,43,64
0,32,92,5,178
0,9,116,22,3
0,32,187,1,196
0,52,30,47,175
0,25,65,50,79
0,40,28,40,28
0,35,147,35,27
0,50,99,25,65
0,34,87,15,53
0,61,150,9,198
0,33,86,43,23
0,50,79,47,43
0,33,29,39,0
0,35,149,35,71
0,1,196,46,34
0,11,54,11,54
0,43,23,32,187
0,33,117,33,164
0,12,12,40,124
0,32,170,1,111
0,32,170,31,176
0,37,163,16,5
0,24,127,48,83
0,34,52,34,52
0,46,20,16,159
0,63,59,63,59
0,52,30,52,30
0,32,92,46,20
0,1,80,31,21
0,16,66,33,117
0,11,143,11,192
0,25,133,25,65
0,20,76,0,155
0,46,96,1,48
0,35,149,31,169
0,34,87,15,140
0,54,131,50,99
0,50,126,18,24
0,1,48,1,181
0,35,71,1,115
0,20,14,20,14
0,2,98,21,102
0,56,31,56,31
0,25,133,60,67
0,14,118,14,42
0,47,175,0,155
0,35,149,35,147
0,48,83,48,132
0,56,130,2,161
0,1,48,61,134
0,15,138,34,52
0,39,199,33,164
0,44,114,39,137
0,15,138,28,167
0,35,149,35,149
0,61,74,1,196
0,35,123,35,27
0,1,196,61,195
0,1,115,35,193
0,1,181,31,176
0,50,79,22,3
0,44,114,9,188
0,35,149,35,193
0,46,20,40,28
0,35,193,50,126
0,35,149,61,134
0,15,140,28,167
0,2,161,44,128
0,35,147,54,15
0,5,88,5,50
0,35,149,1,196
0,1,196,35,193
0,5,50,1,181
0,12,120,32,92
0,16,5,56,31
0,1,196,44,141
0,1,196,1,115
0,54,177,35,27
0,37,108,43,23
0,18,91,18,68
0,9,188,9,116
0,35,71,35,149
0,15,140,15,138
0,1,196,1,48
0,32,8,5,107
0,48,132,48,83
0,1,196,1,48
0,61,134,61,134
0,9,122,9,198
0,16,5,44,18
0,25,9,25,65
0,48,132,2,98
0,35,71,35,193
0,50,99,39,199
0,50,157,18,68
0,15,185,15,185
0,31,169,35,149
0,16,5,43,61
0,16,66,33,86
0,1,111,18,91
0,11,143,60,67
0,48,83,9,198
0,48,183,9,198
0,1,196,61,13
0,48,132,56,31
0,61,195,33,164
0,50,126,22,58
0,1,196,18,68
0,1,48,1,181
0,1,196,1,115
0,33,29,56,31
0,25,9,9,122
0,35,123,18,91
0,31,176,1,196
0,54,131,25,97
0,11,192,11,143
0,61,150,9,188
0,44,141,43,61
0,37,108,56,17
0,0,93,22,58
0,6,47,6,47
0,18,68,35,27
0,61,74,16,66
0,33,29,39,152
0,35,71,35,149
0,32,8,32,92
0,15,53,5,2
0,5,121,15,140
0,35,71,1,196
0,2,98,56,130
0,35,149,18,151
0,39,75,39,0
0,56,17,56,144
0,1,181,32,170
0,51,81,49,72
0,1,196,18,165
0,12,120,12,120
0,44,141,56,130
0,5,178,15,140
0,34,52,34,52
0,16,5,46,179
0,32,187,1,196
0,33,164,16,159
0,11,143,11,192
0,33,164,39,137
0,48,132,25,9
0,35,147,54,39
0,5,50,28,167
0,48,183,48,183
0,1,181,46,34
0,46,34,46,179
0,21,102,49,166
0,23,41,58,125
0,33,164,61,150
0,1,115,35,193
0,50,157,25,9
0,56,31,21,102
0,33,164,9,122
0,16,5,39,75
0,22,58,22,162
0,11,143,60,67
0,32,8,46,179
0,1,196,31,21
0,9,198,9,122
0,39,75,9,188
0,9,122,39,75
0,46,179,5,107
0,9,32,50,157
0,5,88,46,110
0,49,72,49,72
0,1,196,15,138
0,16,5,37,108
0,1,115,1,115
0,61,13,18,101
0,44,141,39,152
0,32,92,43,61
0,12,173,12,12
0,9,122,60,67
0,32,92,16,66
0,46,110,46,110
0,9,116,9,116
0,39,75,18,68
0,37,62,37,163
0,35,149,1,80
0,61,134,61,150
0,52,30,57,11
0,18,151,9,116
0,35,71,39,0
0,18,151,35,149
0,35,71,35,123
0,35,71,35,193
0,35,71,1,196
0,18,68,35,149
0,43,23,43,23
0,1,196,35,71
0,54,39,54,15
0,44,128,37,163
0,5,121,31,176
0,18,68,9,10
0,5,50,46,96
0,22,162,0,155
0,37,62,7,16
0,16,159,16,5
0,39,75,39,152
0,9,188,9,122
0,11,192,11,192
0,1,196,35,71
0,39,106,9,10
0,35,149,1,196
0,21,102,21,102
0,49,72,3,37
0,54,177,50,126
0,9,116,25,9
0,35,193,35,193
0,55,119,7,16
0,1,196,31,169
0,31,21,1,115
0,38,160,38,104
0,9,188,9,188
0,33,164,39,75
0,39,106,33,86
0,37,163,46,179
0,50,157,50,79
0,15,138,15,140
0,35,149,35,149
0,1,115,61,13
0,60,67,45,168
0,33,29,46,179
0,50,99,50,99
0,37,108,16,5
0,28,78,28,26
0,9,10,9,122
0,39,199,18,24
0,46,179,43,61
0,18,151,50,126
0,35,149,35,71
0,32,92,1,196
0,43,23,32,92
0,50,99,39,106
0,9,198,50,157
0,18,24,39,137
0,56,31,56,130
0,50,99,18,165
0,37,108,37,163
0,56,130,48,36
0,58,125,9,188
0,0,93,22,58
0,18,24,50,99
0,18,165,50,99
0,32,170,5,107
0,18,91,61,150
0,18,68,39,137
0,9,32,39,45
0,10,136,34,87
0,18,101,44,128
0,56,17,37,108
0,46,110,39,152
0,39,152,18,68
0,50,157,39,199
0,28,167,34,52
0,46,34,46,110
0,54,15,54,15
0,25,65,48,83
0,37,163,62,146
0,59,56,15,53
0,15,53,15,53
0,56,144,33,29
0,15,185,34,52
0,18,101,54,177
0,33,164,1,181
0,46,179,5,107
0,1,181,15,140
0,61,195,39,75
0,33,117,33,29
0,33,29,1,181
0,46,110,16,5
0,62,77,62,77
0,35,71,18,24
0,2,98,44,114
0,50,79,50,157
0,25,133,25,9
0,35,71,35,27
0,35,27,39,152
0,51,81,21,102
0,43,23,32,92
0,37,108,32,92
0,15,140,15,53
0,34,87,15,53
0,44,141,37,108
0,45,168,11,54
0,35,123,18,68
0,48,83,9,188
0,46,34,1,111
0,25,9,21,102
0,35,27,9,198
0,18,101,22,58
0,33,164,39,75
0,54,177,50,99
0,18,101,18,165
0,1,115,35,149
0,39,106,35,71
0,35,27,61,134
0,11,192,8,153
0,22,58,54,39
0,20,73,20,14
0,1,115,35,149
0,33,29,18,101
0,46,110,33,164
0,25,65,25,133
0,35,193,1,115
0,39,199,50,157
0,38,160,6,47
0,56,130,39,75
0,48,132,48,183
0,16,66,16,5
0,2,161,39,0
0,61,195,33,29
0,44,141,1,196
0,37,108,37,163
0,18,101,50,99
0,9,122,50,191
0,35,147,18,151
0,61,195,46,34
0,40,124,32,92
0,37,62,37,62
0,39,75,56,17
0,39,137,33,164
0,9,188,44,114
0,35,149,61,13
0,56,144,56,144
0,50,157,48,83
0,5,2,5,2
0,11,192,11,82
0,35,193,1,196
0,61,195,1,196
0,20,73,20,73
0,39,199,61,195
0,61,195,1,111
0,56,31,56,130
0,11,54,11,143
0,46,20,5,88
0,18,165,18,24
0,1,196,35,149
0,34,52,34,87
0,1,115,35,147
0,39,199,39,45
0,32,187,1,196
0,50,126,22,3
0,50,99,35,71
0,48,36,2,98
0,14,42,47,43
0,5,50,15,53
0,18,101,35,147
0,1,111,1,111
0,33,164,33,29
0,16,66,31,169
0,1,48,15,53
0,56,130,61,150
0,1,196,15,185
0,1,196,44,128
0,35,27,18,101
0,12,12,12,12
0,21,102,58,51
0,54,39,0,93
0,9,198,25,9
0,61,134,1,115
0,9,198,50,157
0,48,132,24,127
0,35,27,9,198
0,46,110,61,195
0,14,42,25,133
0,46,34,32,170
0,17,184,0,93
0,35,193,35,147
0,9,188,48,36
0,56,144,44,141
0,43,23,43,61
0,61,150,32,8
0,9,188,39,152
0,22,3,25,133
0,33,164,44,141
0,15,140,34,87
0,35,147,18,101
0,15,185,15,53
0,54,39,22,162
0,35,71,35,71
0,63,59,3,37
0,48,132,2,98
0,37,163,16,159
0,35,193,33,164
0,45,168,45,168
0,35,123,18,91
0,46,179,32,92
0,25,9,25,9
0,44,18,9,122
0,50,99,9,10
0,18,24,35,147
0,22,3,0,93
0,50,79,50,79
0,15,140,28,167
0,50,99,9,10
0,18,68,61,134
0,35,71,61,13
0,56,17,39,75
0,0,155,0,93
0,27,109,20,158
0,62,77,12,173
0,18,91,9,188
0,50,126,50,99
0,35,193,1,196
0,35,71,18,101
0,50,126,18,24
0,43,23,16,5
0,1,181,46,96
0,15,140,41,89
0,30,35,34,52
0,22,3,25,65
0,43,61,46,179
0,33,86,61,195
0,9,122,9,188
0,28,167,28,26
0,35,149,61,13
0,56,130,56,144
0,45,168,11,192
0,61,134,61,195
0,40,28,46,179
0,18,68,1,115
0,5,2,34,87
0,1,115,18,68
0,32,170,5,107
0,1,181,31,169
0,16,159,46,179
0,61,74,18,24
0,5,107,46,96
0,50,79,50,157
0,20,73,20,73
0,16,5,37,62
0,35,149,35,71
0,35,123,35,149
0,28,167,5,2
0,1,115,39,45
0,35,71,35,147
0,56,130,21,102
0,54,39,18,101
0,35,193,61,134
0,1,196,32,8
0,14,118,9,122
0,37,163,49,166
0,9,32,18,165
0,37,163,46,179
0,21,102,21,102
0,45,19,11,54
0,28,167,5,2
0,47,69,52,30
0,39,45,16,66
0,46,96,1,80
0,39,0,35,149
0,31,21,46,179
0,1,48,35,193
0,1,48,35,71
0,44,141,33,29
0,50,99,50,191
0,63,59,21,102
0,48,132,48,83
0,39,75,44,141
0,43,61,44,128
0,50,191,9,116
0,35,71,35,193
0,56,144,37,108
0,9,122,50,99
0,1,196,61,134
0,35,27,35,71
0,35,149,35,71
0,46,179,32,170
0,5,2,31,176
0,1,196,35,193
0,1,196,1,48
0,33,86,1,196
0,18,24,18,151
0,39,152,35,71
0,37,108,62,146
0,20,76,0,155
0,45,168,11,192
0,37,163,37,163
0,35,149,1,181
0,1,196,1,111
0,12,12,12,120
0,18,68,35,149
0,48,132,48,83
0,32,170,46,96
0,33,29,37,163
0,9,122,39,45
0,16,66,44,18
0,44,114,44,114
0,9,198,9,32
0,31,176,1,196
0,40,28,28,26
0,33,164,2,161
0,39,106,39,0
0,18,101,35,71
0,35,147,50,99
0,1,80,18,101
0,44,114,9,32
0,10,136,34,52
0,35,149,35,149
0,48,36,2,98
0,33,164,61,195
0,1,115,44,141
0,48,132,9,188
0,1,196,31,176
0,28,167,28,26
0,16,66,44,128
0,15,138,15,185
0,2,98,25,9
0,61,195,44,114
0,50,79,22,3
0,20,73,20,14
0,45,168,21,102
0,16,159,32,92
0,50,126,54,177
0,20,73,20,14
0,1,196,1,115
0,50,126,22,58
0,28,167,15,185
0,56,130,2,98
0,18,91,18,24
0,17,184,57,11
0,60,67,11,192
0,58,51,58,51
0,56,144,56,17
0,15,138,34,52
0,61,74,61,195
0,8,194,11,54
0,33,164,9,10
0,16,5,56,31
0,39,152,61,150
0,1,181,18,165
0,46,20,5,50
0,39,137,61,13
0,14,118,14,42
0,18,151,9,116
0,54,177,54,131
0,35,149,35,71
0,56,144,43,23
0,32,187,46,179
0,56,17,33,164
0,12,12,12,120
0,18,24,35,147
0,35,193,31,21
0,48,132,48,83
0,5,178,15,138
0,61,195,61,150
0,56,31,37,108
0,2,98,39,199
0,33,164,33,86
0,49,72,13,49
0,9,188,44,18
0,11,54,11,192
0,18,91,35,193
0,1,48,1,111
0,61,134,35,193
0,32,187,1,181
0,22,58,54,177
0,9,188,9,188
0,9,188,39,0
0,56,31,16,5
0,39,0,61,150
0,25,65,25,65
0,5,107,5,88
0,9,188,2,161
0,9,10,50,79
0,15,140,15,185
0,1,196,31,169
0,39,106,39,106
0,11,143,11,54
0,18,101,35,147
0,1,196,1,115
0,34,87,15,138
0,11,192,9,122
0,44,114,44,114
0,16,66,16,5
0,40,28,42,189
0,37,108,37,163
0,35,193,35,193
0,48,183,9,116
0,50,79,50,157
0,18,24,18,91
0,14,42,47,43
0,1,48,1,196
0,50,99,39,45
0,56,17,44,128
0,1,196,1,196
0,48,132,25,9
0,44,141,39,45
0,9,122,39,199
0,35,149,35,71
0,20,76,20,76
0,56,130,56,130
0,9,198,39,137
0,11,143,11,54
0,21,102,58,51
0,45,19,45,168
0,9,122,9,10
0,1,48,1,115
0,0,155,0,93
0,50,157,1,115
0,18,165,22,3
0,17,184,6,174
0,1,196,1,196
0,16,5,44,128
0,48,132,9,122
0,16,5,44,18
0,56,31,56,31
0,39,45,33,164
0,61,13,1,115
0,14,70,47,43
0,54,131,50,126
0,37,62,7,16
0,44,114,2,98
0,18,68,44,114
0,61,150,61,13
0,25,133,25,133
0,1,196,44,128
0,25,9,9,32
0,56,144,33,164
0,59,197,59,197
0,18,24,33,164
0,50,126,9,10
0,18,101,1,181
0,43,23,40,28
0,1,111,1,111
0,31,95,1,196
0,48,36,2,161
0,35,149,1,115
0,2,98,24,127
0,32,187,5,107
0,35,71,35,71
0,56,144,56,144
0,5,50,1,196
0,39,0,61,150
0,28,167,15,53
0,9,122,50,99
0,32,170,1,196
0,35,71,35,123
0,10,136,59,197
0,39,199,50,157
0,14,118,11,54
0,15,138,34,87
0,20,73,20,76
0,47,43,14,42
0,54,15,50,99
0,1,48,32,187
0,56,17,56,130
0,31,95,5,50
0,18,101,35,123
0,22,162,54,39
0,59,197,10,136
0,50,157,50,157
0,9,188,44,114
0,2,161,48,83
0,48,36,9,198
0,39,152,16,66
0,18,165,48,83
0,17,184,38,160
0,16,159,43,61
0,39,45,44,18
0,16,5,33,164
0,16,5,9,188
0,58,125,48,132
0,50,99,9,188
0,56,31,56,144
0,9,32,39,152
0,25,133,14,70
0,33,117,33,164
0,16,159,43,23
0,43,23,43,61
0,54,177,54,131
0,61,134,39,75
0,39,0,61,134
0,46,179,12,120
